CLASS	METHOD	PARAMETER	INDEX
com.netflix.eureka.ServerRequestAuthFilter	ServerRequestAuthFilter(com.netflix.eureka.EurekaServerContext)	server	0
com.netflix.eureka.ServerRequestAuthFilter	init(javax.servlet.FilterConfig)	filterConfig	0
com.netflix.eureka.ServerRequestAuthFilter	doFilter(javax.servlet.ServletRequest,javax.servlet.ServletResponse,javax.servlet.FilterChain)	chain	2
com.netflix.eureka.ServerRequestAuthFilter	logAuth(javax.servlet.ServletRequest)	request	0
com.netflix.eureka.ServerRequestAuthFilter	getHeader(javax.servlet.http.HttpServletRequest,java.lang.String)	request	0
com.netflix.eureka.cluster.PeerEurekaNodes	PeerEurekaNodes(com.netflix.eureka.registry.PeerAwareInstanceRegistry,com.netflix.eureka.EurekaServerConfig,com.netflix.discovery.EurekaClientConfig,com.netflix.eureka.resources.ServerCodecs,com.netflix.appinfo.ApplicationInfoManager)	registry	0
com.netflix.eureka.cluster.PeerEurekaNodes	PeerEurekaNodes(com.netflix.eureka.registry.PeerAwareInstanceRegistry,com.netflix.eureka.EurekaServerConfig,com.netflix.discovery.EurekaClientConfig,com.netflix.eureka.resources.ServerCodecs,com.netflix.appinfo.ApplicationInfoManager)	serverCodecs	3
com.netflix.eureka.cluster.PeerEurekaNodes	PeerEurekaNodes(com.netflix.eureka.registry.PeerAwareInstanceRegistry,com.netflix.eureka.EurekaServerConfig,com.netflix.discovery.EurekaClientConfig,com.netflix.eureka.resources.ServerCodecs,com.netflix.appinfo.ApplicationInfoManager)	applicationInfoManager	4
com.netflix.eureka.cluster.PeerEurekaNodes	PeerEurekaNodes(com.netflix.eureka.registry.PeerAwareInstanceRegistry,com.netflix.eureka.EurekaServerConfig,com.netflix.discovery.EurekaClientConfig,com.netflix.eureka.resources.ServerCodecs,com.netflix.appinfo.ApplicationInfoManager)	serverConfig	1
com.netflix.eureka.cluster.PeerEurekaNodes	PeerEurekaNodes(com.netflix.eureka.registry.PeerAwareInstanceRegistry,com.netflix.eureka.EurekaServerConfig,com.netflix.discovery.EurekaClientConfig,com.netflix.eureka.resources.ServerCodecs,com.netflix.appinfo.ApplicationInfoManager)	clientConfig	2
com.netflix.eureka.cluster.PeerEurekaNodes$1	newThread(java.lang.Runnable)	r	0
com.netflix.eureka.cluster.PeerEurekaNodes	updatePeerEurekaNodes(java.util.List)	newPeerUrls	0
com.netflix.eureka.cluster.PeerEurekaNodes	createPeerEurekaNode(java.lang.String)	peerEurekaNodeUrl	0
com.netflix.eureka.cluster.PeerEurekaNodes	isInstanceURL(java.lang.String,com.netflix.appinfo.InstanceInfo)	instance	1
com.netflix.eureka.cluster.PeerEurekaNodes	hostFromUrl(java.lang.String)	url	0
com.netflix.eureka.resources.ASGResource$ASGStatus	toEnum(java.lang.String)	s	0
com.netflix.eureka.resources.ASGResource	ASGResource(com.netflix.eureka.EurekaServerContext)	eurekaServer	0
com.netflix.eureka.aws.AwsAsgUtil$1	newThread(java.lang.Runnable)	r	0
com.netflix.eureka.aws.AwsAsgUtil	AwsAsgUtil(com.netflix.eureka.EurekaServerConfig,com.netflix.discovery.EurekaClientConfig,com.netflix.eureka.registry.InstanceRegistry)	clientConfig	1
com.netflix.eureka.aws.AwsAsgUtil	AwsAsgUtil(com.netflix.eureka.EurekaServerConfig,com.netflix.discovery.EurekaClientConfig,com.netflix.eureka.registry.InstanceRegistry)	serverConfig	0
com.netflix.eureka.aws.AwsAsgUtil	AwsAsgUtil(com.netflix.eureka.EurekaServerConfig,com.netflix.discovery.EurekaClientConfig,com.netflix.eureka.registry.InstanceRegistry)	registry	2
com.netflix.eureka.aws.AwsAsgUtil	isASGEnabled(com.netflix.appinfo.InstanceInfo)	instanceInfo	0
com.netflix.eureka.aws.AwsAsgUtil	isAddToLoadBalancerSuspended(java.lang.String,java.lang.String)	asgAccountId	0
com.netflix.eureka.aws.AwsAsgUtil	isAddToLoadBalancerSuspended(com.amazonaws.services.autoscaling.model.AutoScalingGroup)	asg	0
com.netflix.eureka.aws.AwsAsgUtil	initializeStsSession(java.lang.String)	asgAccount	0
com.netflix.eureka.aws.AwsAsgUtil	getAccountId(com.netflix.appinfo.InstanceInfo,java.lang.String)	instanceInfo	0
com.netflix.eureka.aws.AwsAsgUtil	getAccountId(com.netflix.appinfo.InstanceInfo,java.lang.String)	fallbackId	1
com.netflix.eureka.aws.AwsAsgUtil$CacheKey	CacheKey(java.lang.String,java.lang.String)	asgAccountId	0
com.netflix.eureka.aws.AwsAsgUtil$CacheKey	CacheKey(java.lang.String,java.lang.String)	asgName	1
com.netflix.eureka.aws.AwsAsgUtil$CacheKey	equals(java.lang.Object)	o	0
com.netflix.eureka.registry.Key	Key(com.netflix.eureka.registry.Key.EntityType,java.lang.String,com.netflix.eureka.registry.Key.KeyType,com.netflix.eureka.Version,com.netflix.appinfo.EurekaAccept,java.lang.String[])	type	2
com.netflix.eureka.registry.Key	Key(com.netflix.eureka.registry.Key.EntityType,java.lang.String,com.netflix.eureka.registry.Key.KeyType,com.netflix.eureka.Version,com.netflix.appinfo.EurekaAccept,java.lang.String[])	entityType	0
com.netflix.eureka.registry.Key	Key(com.netflix.eureka.registry.Key.EntityType,java.lang.String,com.netflix.eureka.registry.Key.KeyType,com.netflix.eureka.Version,com.netflix.appinfo.EurekaAccept,java.lang.String[])	regions	5
com.netflix.eureka.registry.Key	Key(com.netflix.eureka.registry.Key.EntityType,java.lang.String,com.netflix.eureka.registry.Key.KeyType,com.netflix.eureka.Version,com.netflix.appinfo.EurekaAccept,java.lang.String[])	v	3
com.netflix.eureka.registry.Key	Key(com.netflix.eureka.registry.Key.EntityType,java.lang.String,com.netflix.eureka.registry.Key.KeyType,com.netflix.eureka.Version,com.netflix.appinfo.EurekaAccept,java.lang.String[])	eurekaAccept	4
com.netflix.eureka.registry.Key	Key(com.netflix.eureka.registry.Key.EntityType,java.lang.String,com.netflix.eureka.registry.Key.KeyType,com.netflix.eureka.Version,com.netflix.appinfo.EurekaAccept,java.lang.String[])	entityName	1
com.netflix.eureka.registry.Key	equals(java.lang.Object)	other	0
com.netflix.eureka.registry.PeerAwareInstanceRegistryImpl$1	compare(com.netflix.discovery.shared.Application,com.netflix.discovery.shared.Application)	l	0
com.netflix.eureka.registry.PeerAwareInstanceRegistryImpl	PeerAwareInstanceRegistryImpl(com.netflix.eureka.EurekaServerConfig,com.netflix.discovery.EurekaClientConfig,com.netflix.eureka.resources.ServerCodecs,com.netflix.discovery.EurekaClient)	eurekaClient	3
com.netflix.eureka.registry.PeerAwareInstanceRegistryImpl	init(com.netflix.eureka.cluster.PeerEurekaNodes)	peerEurekaNodes	0
com.netflix.eureka.registry.PeerAwareInstanceRegistryImpl	openForTraffic(com.netflix.appinfo.ApplicationInfoManager,int)	count	1
com.netflix.eureka.registry.PeerAwareInstanceRegistryImpl	openForTraffic(com.netflix.appinfo.ApplicationInfoManager,int)	applicationInfoManager	0
com.netflix.eureka.registry.PeerAwareInstanceRegistryImpl	shouldAllowAccess(boolean)	remoteRegionRequired	0
com.netflix.eureka.registry.PeerAwareInstanceRegistryImpl	register(com.netflix.appinfo.InstanceInfo,boolean)	info	0
com.netflix.eureka.registry.PeerAwareInstanceRegistryImpl	statusUpdate(java.lang.String,com.netflix.eureka.resources.ASGResource.ASGStatus,boolean)	isReplication	2
com.netflix.eureka.registry.PeerAwareInstanceRegistryImpl	isRegisterable(com.netflix.appinfo.InstanceInfo)	instanceInfo	0
com.netflix.eureka.registry.PeerAwareInstanceRegistryImpl	replicateToPeers(com.netflix.eureka.registry.PeerAwareInstanceRegistryImpl.Action,java.lang.String,java.lang.String,com.netflix.appinfo.InstanceInfo,com.netflix.appinfo.InstanceInfo.InstanceStatus,boolean)	action	0
com.netflix.eureka.registry.PeerAwareInstanceRegistryImpl	replicateToPeers(com.netflix.eureka.registry.PeerAwareInstanceRegistryImpl.Action,java.lang.String,java.lang.String,com.netflix.appinfo.InstanceInfo,com.netflix.appinfo.InstanceInfo.InstanceStatus,boolean)	isReplication	5
com.netflix.eureka.registry.PeerAwareInstanceRegistryImpl	replicateInstanceActionsToPeers(com.netflix.eureka.registry.PeerAwareInstanceRegistryImpl.Action,java.lang.String,java.lang.String,com.netflix.appinfo.InstanceInfo,com.netflix.appinfo.InstanceInfo.InstanceStatus,com.netflix.eureka.cluster.PeerEurekaNode)	node	5
com.netflix.eureka.registry.PeerAwareInstanceRegistryImpl	replicateInstanceActionsToPeers(com.netflix.eureka.registry.PeerAwareInstanceRegistryImpl.Action,java.lang.String,java.lang.String,com.netflix.appinfo.InstanceInfo,com.netflix.appinfo.InstanceInfo.InstanceStatus,com.netflix.eureka.cluster.PeerEurekaNode)	action	0
com.netflix.eureka.registry.PeerAwareInstanceRegistryImpl	replicateASGInfoToReplicaNodes(java.lang.String,com.netflix.eureka.resources.ASGResource.ASGStatus,com.netflix.eureka.cluster.PeerEurekaNode)	node	2
com.netflix.eureka.cluster.PeerEurekaNode	PeerEurekaNode(com.netflix.eureka.registry.PeerAwareInstanceRegistry,java.lang.String,java.lang.String,com.netflix.eureka.cluster.HttpReplicationClient,com.netflix.eureka.EurekaServerConfig,int,long,long,long)	targetHost	1
com.netflix.eureka.cluster.PeerEurekaNode	PeerEurekaNode(com.netflix.eureka.registry.PeerAwareInstanceRegistry,java.lang.String,java.lang.String,com.netflix.eureka.cluster.HttpReplicationClient,com.netflix.eureka.EurekaServerConfig,int,long,long,long)	replicationClient	3
com.netflix.eureka.cluster.PeerEurekaNode	PeerEurekaNode(com.netflix.eureka.registry.PeerAwareInstanceRegistry,java.lang.String,java.lang.String,com.netflix.eureka.cluster.HttpReplicationClient,com.netflix.eureka.EurekaServerConfig,int,long,long,long)	registry	0
com.netflix.eureka.cluster.PeerEurekaNode	PeerEurekaNode(com.netflix.eureka.registry.PeerAwareInstanceRegistry,java.lang.String,java.lang.String,com.netflix.eureka.cluster.HttpReplicationClient,com.netflix.eureka.EurekaServerConfig,int,long,long,long)	config	4
com.netflix.eureka.cluster.PeerEurekaNode	PeerEurekaNode(com.netflix.eureka.registry.PeerAwareInstanceRegistry,java.lang.String,java.lang.String,com.netflix.eureka.cluster.HttpReplicationClient,com.netflix.eureka.EurekaServerConfig,int,long,long,long)	serviceUrl	2
com.netflix.eureka.cluster.PeerEurekaNode$2	handleFailure(int,java.lang.Object)	statusCode	0
com.netflix.eureka.cluster.PeerEurekaNode	heartbeat(java.lang.String,java.lang.String,com.netflix.appinfo.InstanceInfo,com.netflix.appinfo.InstanceInfo.InstanceStatus,boolean)	info	2
com.netflix.eureka.cluster.PeerEurekaNode	heartbeat(java.lang.String,java.lang.String,com.netflix.appinfo.InstanceInfo,com.netflix.appinfo.InstanceInfo.InstanceStatus,boolean)	overriddenStatus	3
com.netflix.eureka.cluster.PeerEurekaNode	heartbeat(java.lang.String,java.lang.String,com.netflix.appinfo.InstanceInfo,com.netflix.appinfo.InstanceInfo.InstanceStatus,boolean)	primeConnection	4
com.netflix.eureka.cluster.PeerEurekaNode$3	handleFailure(int,java.lang.Object)	statusCode	0
com.netflix.eureka.cluster.PeerEurekaNode$3	handleFailure(int,java.lang.Object)	responseEntity	1
com.netflix.eureka.cluster.PeerEurekaNode	equals(java.lang.Object)	obj	0
com.netflix.eureka.cluster.PeerEurekaNode	syncInstancesIfTimestampDiffers(java.lang.String,java.lang.String,com.netflix.appinfo.InstanceInfo,com.netflix.appinfo.InstanceInfo)	infoFromPeer	3
com.netflix.eureka.cluster.PeerEurekaNode	taskId(java.lang.String,java.lang.String,java.lang.String)	requestType	0
com.netflix.eureka.cluster.PeerEurekaNode	taskId(java.lang.String,java.lang.String,java.lang.String)	id	2
com.netflix.eureka.cluster.PeerEurekaNode	taskId(java.lang.String,java.lang.String,java.lang.String)	appName	1
com.netflix.eureka.cluster.PeerEurekaNode	getLeaseRenewalOf(com.netflix.appinfo.InstanceInfo)	info	0
com.netflix.eureka.util.EurekaMonitors	EurekaMonitors(java.lang.String,java.lang.String)	description	1
com.netflix.eureka.util.EurekaMonitors	EurekaMonitors(java.lang.String,java.lang.String)	name	0
com.netflix.eureka.util.EurekaMonitors	increment(boolean)	isReplication	0
com.netflix.eureka.registry.AbstractInstanceRegistry	AbstractInstanceRegistry(com.netflix.eureka.EurekaServerConfig,com.netflix.discovery.EurekaClientConfig,com.netflix.eureka.resources.ServerCodecs)	serverConfig	0
com.netflix.eureka.registry.AbstractInstanceRegistry	AbstractInstanceRegistry(com.netflix.eureka.EurekaServerConfig,com.netflix.discovery.EurekaClientConfig,com.netflix.eureka.resources.ServerCodecs)	clientConfig	1
com.netflix.eureka.registry.AbstractInstanceRegistry	AbstractInstanceRegistry(com.netflix.eureka.EurekaServerConfig,com.netflix.discovery.EurekaClientConfig,com.netflix.eureka.resources.ServerCodecs)	serverCodecs	2
com.netflix.eureka.registry.AbstractInstanceRegistry	register(com.netflix.appinfo.InstanceInfo,int,boolean)	leaseDuration	1
com.netflix.eureka.registry.AbstractInstanceRegistry	register(com.netflix.appinfo.InstanceInfo,int,boolean)	registrant	0
com.netflix.eureka.registry.AbstractInstanceRegistry	storeOverriddenStatusIfRequired(java.lang.String,com.netflix.appinfo.InstanceInfo.InstanceStatus)	overriddenStatus	1
com.netflix.eureka.registry.AbstractInstanceRegistry	storeOverriddenStatusIfRequired(java.lang.String,java.lang.String,com.netflix.appinfo.InstanceInfo.InstanceStatus)	overriddenStatus	2
com.netflix.eureka.registry.AbstractInstanceRegistry	statusUpdate(java.lang.String,java.lang.String,com.netflix.appinfo.InstanceInfo.InstanceStatus,java.lang.String,boolean)	lastDirtyTimestamp	3
com.netflix.eureka.registry.AbstractInstanceRegistry	deleteStatusOverride(java.lang.String,java.lang.String,com.netflix.appinfo.InstanceInfo.InstanceStatus,java.lang.String,boolean)	lastDirtyTimestamp	3
com.netflix.eureka.registry.AbstractInstanceRegistry	getApplication(java.lang.String,boolean)	appName	0
com.netflix.eureka.registry.AbstractInstanceRegistry	getApplication(java.lang.String,boolean)	includeRemoteRegion	1
com.netflix.eureka.registry.AbstractInstanceRegistry	getApplicationsFromMultipleRegions(java.lang.String[])	remoteRegions	0
com.netflix.eureka.registry.AbstractInstanceRegistry	getApplications(boolean)	includeRemoteRegion	0
com.netflix.eureka.registry.AbstractInstanceRegistry	getApplicationDeltasFromMultipleRegions(java.lang.String[])	remoteRegions	0
com.netflix.eureka.registry.AbstractInstanceRegistry	getInstanceByAppAndId(java.lang.String,java.lang.String,boolean)	includeRemoteRegions	2
com.netflix.eureka.registry.AbstractInstanceRegistry	getInstancesById(java.lang.String,boolean)	includeRemoteRegions	1
com.netflix.eureka.registry.AbstractInstanceRegistry	decorateInstanceInfo(com.netflix.eureka.lease.Lease)	lease	0
com.netflix.eureka.registry.AbstractInstanceRegistry$RecentlyChangedItem	RecentlyChangedItem(com.netflix.eureka.lease.Lease)	lease	0
com.netflix.eureka.registry.AbstractInstanceRegistry$CircularQueue	CircularQueue(int)	capacity	0
com.netflix.eureka.cluster.ReplicationTask	ReplicationTask(java.lang.String,com.netflix.eureka.registry.PeerAwareInstanceRegistryImpl.Action)	peerNodeName	0
com.netflix.eureka.cluster.ReplicationTask	ReplicationTask(java.lang.String,com.netflix.eureka.registry.PeerAwareInstanceRegistryImpl.Action)	action	1
com.netflix.eureka.cluster.protocol.ReplicationList	ReplicationList(java.util.List)	replicationList	0
com.netflix.eureka.cluster.protocol.ReplicationList	equals(java.lang.Object)	o	0
com.netflix.eureka.cluster.protocol.ReplicationListResponse	ReplicationListResponse(java.util.List)	responseList	0
com.netflix.eureka.cluster.protocol.ReplicationListResponse	equals(java.lang.Object)	o	0
com.netflix.eureka.cluster.protocol.ReplicationInstanceResponse	ReplicationInstanceResponse(int,com.netflix.appinfo.InstanceInfo)	statusCode	0
com.netflix.eureka.cluster.protocol.ReplicationInstanceResponse	ReplicationInstanceResponse(int,com.netflix.appinfo.InstanceInfo)	responseEntity	1
com.netflix.eureka.cluster.protocol.ReplicationInstanceResponse	equals(java.lang.Object)	o	0
com.netflix.eureka.cluster.protocol.ReplicationInstanceResponse$Builder	setStatusCode(int)	statusCode	0
com.netflix.eureka.cluster.protocol.ReplicationInstanceResponse$Builder	setResponseEntity(com.netflix.appinfo.InstanceInfo)	entity	0
com.netflix.eureka.cluster.protocol.ReplicationInstance	ReplicationInstance(java.lang.String,java.lang.String,java.lang.Long,java.lang.String,java.lang.String,com.netflix.appinfo.InstanceInfo,com.netflix.eureka.registry.PeerAwareInstanceRegistryImpl.Action)	overriddenStatus	3
com.netflix.eureka.cluster.protocol.ReplicationInstance	ReplicationInstance(java.lang.String,java.lang.String,java.lang.Long,java.lang.String,java.lang.String,com.netflix.appinfo.InstanceInfo,com.netflix.eureka.registry.PeerAwareInstanceRegistryImpl.Action)	instanceInfo	5
com.netflix.eureka.cluster.protocol.ReplicationInstance	ReplicationInstance(java.lang.String,java.lang.String,java.lang.Long,java.lang.String,java.lang.String,com.netflix.appinfo.InstanceInfo,com.netflix.eureka.registry.PeerAwareInstanceRegistryImpl.Action)	appName	0
com.netflix.eureka.cluster.protocol.ReplicationInstance	ReplicationInstance(java.lang.String,java.lang.String,java.lang.Long,java.lang.String,java.lang.String,com.netflix.appinfo.InstanceInfo,com.netflix.eureka.registry.PeerAwareInstanceRegistryImpl.Action)	lastDirtyTimestamp	2
com.netflix.eureka.cluster.protocol.ReplicationInstance	ReplicationInstance(java.lang.String,java.lang.String,java.lang.Long,java.lang.String,java.lang.String,com.netflix.appinfo.InstanceInfo,com.netflix.eureka.registry.PeerAwareInstanceRegistryImpl.Action)	action	6
com.netflix.eureka.cluster.protocol.ReplicationInstance	ReplicationInstance(java.lang.String,java.lang.String,java.lang.Long,java.lang.String,java.lang.String,com.netflix.appinfo.InstanceInfo,com.netflix.eureka.registry.PeerAwareInstanceRegistryImpl.Action)	id	1
com.netflix.eureka.cluster.protocol.ReplicationInstance	ReplicationInstance(java.lang.String,java.lang.String,java.lang.Long,java.lang.String,java.lang.String,com.netflix.appinfo.InstanceInfo,com.netflix.eureka.registry.PeerAwareInstanceRegistryImpl.Action)	status	4
com.netflix.eureka.cluster.protocol.ReplicationInstance	equals(java.lang.Object)	o	0
com.netflix.eureka.cluster.protocol.ReplicationInstance$ReplicationInstanceBuilder	withAppName(java.lang.String)	appName	0
com.netflix.eureka.cluster.protocol.ReplicationInstance$ReplicationInstanceBuilder	withId(java.lang.String)	id	0
com.netflix.eureka.cluster.protocol.ReplicationInstance$ReplicationInstanceBuilder	withLastDirtyTimestamp(java.lang.Long)	lastDirtyTimestamp	0
com.netflix.eureka.cluster.protocol.ReplicationInstance$ReplicationInstanceBuilder	withOverriddenStatus(java.lang.String)	overriddenStatus	0
com.netflix.eureka.cluster.protocol.ReplicationInstance$ReplicationInstanceBuilder	withStatus(java.lang.String)	status	0
com.netflix.eureka.cluster.protocol.ReplicationInstance$ReplicationInstanceBuilder	withInstanceInfo(com.netflix.appinfo.InstanceInfo)	instanceInfo	0
com.netflix.eureka.cluster.protocol.ReplicationInstance$ReplicationInstanceBuilder	withAction(com.netflix.eureka.registry.PeerAwareInstanceRegistryImpl.Action)	action	0
com.netflix.eureka.util.MeasuredRate	MeasuredRate(long)	sampleInterval	0
com.netflix.eureka.lease.Lease	Lease(T,int)	durationInSecs	1
com.netflix.eureka.lease.Lease	Lease(T,int)	r	0
com.netflix.eureka.lease.Lease	setServiceUpTimestamp(long)	serviceUpTimestamp	0
com.netflix.eureka.lease.Lease	isExpired(long)	additionalLeaseMs	0
com.netflix.eureka.registry.rule.StatusOverrideResult	matchingStatus(com.netflix.appinfo.InstanceInfo.InstanceStatus)	status	0
com.netflix.eureka.registry.rule.StatusOverrideResult	StatusOverrideResult(boolean,com.netflix.appinfo.InstanceInfo.InstanceStatus)	status	1
com.netflix.eureka.registry.rule.StatusOverrideResult	StatusOverrideResult(boolean,com.netflix.appinfo.InstanceInfo.InstanceStatus)	matches	0
com.netflix.eureka.registry.RemoteRegionRegistry	RemoteRegionRegistry(com.netflix.eureka.EurekaServerConfig,com.netflix.discovery.EurekaClientConfig,com.netflix.eureka.resources.ServerCodecs,java.lang.String,java.net.URL)	serverConfig	0
com.netflix.eureka.registry.RemoteRegionRegistry	RemoteRegionRegistry(com.netflix.eureka.EurekaServerConfig,com.netflix.discovery.EurekaClientConfig,com.netflix.eureka.resources.ServerCodecs,java.lang.String,java.net.URL)	remoteRegionURL	4
com.netflix.eureka.registry.RemoteRegionRegistry	updateDelta(com.netflix.discovery.shared.Applications)	delta	0
com.netflix.eureka.registry.RemoteRegionRegistry	closeResponse(com.sun.jersey.api.client.ClientResponse)	response	0
com.netflix.eureka.registry.RemoteRegionRegistry	fetchRemoteRegistry(boolean)	delta	0
com.netflix.eureka.EurekaBootStrap	EurekaBootStrap(com.netflix.discovery.EurekaClient)	eurekaClient	0
com.netflix.eureka.EurekaBootStrap	contextInitialized(javax.servlet.ServletContextEvent)	event	0
com.netflix.eureka.EurekaBootStrap	getPeerEurekaNodes(com.netflix.eureka.registry.PeerAwareInstanceRegistry,com.netflix.eureka.EurekaServerConfig,com.netflix.discovery.EurekaClientConfig,com.netflix.eureka.resources.ServerCodecs,com.netflix.appinfo.ApplicationInfoManager)	serverCodecs	3
com.netflix.eureka.EurekaBootStrap	getPeerEurekaNodes(com.netflix.eureka.registry.PeerAwareInstanceRegistry,com.netflix.eureka.EurekaServerConfig,com.netflix.discovery.EurekaClientConfig,com.netflix.eureka.resources.ServerCodecs,com.netflix.appinfo.ApplicationInfoManager)	eurekaServerConfig	1
com.netflix.eureka.EurekaBootStrap	getPeerEurekaNodes(com.netflix.eureka.registry.PeerAwareInstanceRegistry,com.netflix.eureka.EurekaServerConfig,com.netflix.discovery.EurekaClientConfig,com.netflix.eureka.resources.ServerCodecs,com.netflix.appinfo.ApplicationInfoManager)	applicationInfoManager	4
com.netflix.eureka.EurekaBootStrap	getPeerEurekaNodes(com.netflix.eureka.registry.PeerAwareInstanceRegistry,com.netflix.eureka.EurekaServerConfig,com.netflix.discovery.EurekaClientConfig,com.netflix.eureka.resources.ServerCodecs,com.netflix.appinfo.ApplicationInfoManager)	registry	0
com.netflix.eureka.EurekaBootStrap	getPeerEurekaNodes(com.netflix.eureka.registry.PeerAwareInstanceRegistry,com.netflix.eureka.EurekaServerConfig,com.netflix.discovery.EurekaClientConfig,com.netflix.eureka.resources.ServerCodecs,com.netflix.appinfo.ApplicationInfoManager)	eurekaClientConfig	2
com.netflix.eureka.EurekaBootStrap	contextDestroyed(javax.servlet.ServletContextEvent)	event	0
com.netflix.eureka.EurekaBootStrap	isAws(com.netflix.appinfo.InstanceInfo)	selfInstanceInfo	0
com.netflix.eureka.registry.ResponseCacheImpl	ResponseCacheImpl(com.netflix.eureka.EurekaServerConfig,com.netflix.eureka.resources.ServerCodecs,com.netflix.eureka.registry.AbstractInstanceRegistry)	serverCodecs	1
com.netflix.eureka.registry.ResponseCacheImpl	ResponseCacheImpl(com.netflix.eureka.EurekaServerConfig,com.netflix.eureka.resources.ServerCodecs,com.netflix.eureka.registry.AbstractInstanceRegistry)	serverConfig	0
com.netflix.eureka.registry.ResponseCacheImpl	ResponseCacheImpl(com.netflix.eureka.EurekaServerConfig,com.netflix.eureka.resources.ServerCodecs,com.netflix.eureka.registry.AbstractInstanceRegistry)	registry	2
com.netflix.eureka.registry.ResponseCacheImpl$3	onRemoval(com.google.common.cache.RemovalNotification)	notification	0
com.netflix.eureka.registry.ResponseCacheImpl$2	load(com.netflix.eureka.registry.Key)	key	0
com.netflix.eureka.registry.ResponseCacheImpl	invalidate(java.lang.String,java.lang.String,java.lang.String)	secureVipAddress	2
com.netflix.eureka.registry.ResponseCacheImpl	invalidate(java.lang.String,java.lang.String,java.lang.String)	vipAddress	1
com.netflix.eureka.registry.ResponseCacheImpl	invalidate(com.netflix.eureka.registry.Key[])	keys	0
com.netflix.eureka.registry.ResponseCacheImpl	getValue(com.netflix.eureka.registry.Key,boolean)	useReadOnlyCache	1
com.netflix.eureka.registry.ResponseCacheImpl	getPayLoad(com.netflix.eureka.registry.Key,com.netflix.discovery.shared.Application)	app	1
com.netflix.eureka.registry.ResponseCacheImpl	generatePayload(com.netflix.eureka.registry.Key)	key	0
com.netflix.eureka.registry.ResponseCacheImpl	getApplicationsForVip(com.netflix.eureka.registry.Key,com.netflix.eureka.registry.AbstractInstanceRegistry)	registry	1
com.netflix.eureka.registry.ResponseCacheImpl$Value	Value(java.lang.String)	payload	0
com.netflix.eureka.registry.rule.FirstMatchWinsCompositeRule	FirstMatchWinsCompositeRule(com.netflix.eureka.registry.rule.InstanceStatusOverrideRule[])	rules	0
com.netflix.eureka.registry.rule.LeaseExistsRule	apply(com.netflix.appinfo.InstanceInfo,com.netflix.eureka.lease.Lease,boolean)	existingLease	1
com.netflix.eureka.registry.rule.LeaseExistsRule	apply(com.netflix.appinfo.InstanceInfo,com.netflix.eureka.lease.Lease,boolean)	isReplication	2
com.netflix.eureka.registry.rule.OverrideExistsRule	OverrideExistsRule(java.util.Map)	statusOverrides	0
com.netflix.eureka.registry.rule.AsgEnabledRule	AsgEnabledRule(com.netflix.eureka.aws.AsgClient)	asgClient	0
com.netflix.eureka.registry.rule.AsgEnabledRule	apply(com.netflix.appinfo.InstanceInfo,com.netflix.eureka.lease.Lease,boolean)	instanceInfo	0
com.netflix.eureka.EurekaServerContextHolder	EurekaServerContextHolder(com.netflix.eureka.EurekaServerContext)	serverContext	0
com.netflix.eureka.EurekaServerContextHolder	initialize(com.netflix.eureka.EurekaServerContext)	serverContext	0
com.netflix.eureka.cluster.InstanceReplicationTask	InstanceReplicationTask(java.lang.String,com.netflix.eureka.registry.PeerAwareInstanceRegistryImpl.Action,java.lang.String,java.lang.String)	id	3
com.netflix.eureka.cluster.InstanceReplicationTask	InstanceReplicationTask(java.lang.String,com.netflix.eureka.registry.PeerAwareInstanceRegistryImpl.Action,java.lang.String,java.lang.String)	appName	2
com.netflix.eureka.cluster.InstanceReplicationTask	InstanceReplicationTask(java.lang.String,com.netflix.eureka.registry.PeerAwareInstanceRegistryImpl.Action,com.netflix.appinfo.InstanceInfo,com.netflix.appinfo.InstanceInfo.InstanceStatus,boolean)	instanceInfo	2
com.netflix.eureka.cluster.InstanceReplicationTask	InstanceReplicationTask(java.lang.String,com.netflix.eureka.registry.PeerAwareInstanceRegistryImpl.Action,com.netflix.appinfo.InstanceInfo,com.netflix.appinfo.InstanceInfo.InstanceStatus,boolean)	overriddenStatus	3
com.netflix.eureka.cluster.InstanceReplicationTask	InstanceReplicationTask(java.lang.String,com.netflix.eureka.registry.PeerAwareInstanceRegistryImpl.Action,com.netflix.appinfo.InstanceInfo,com.netflix.appinfo.InstanceInfo.InstanceStatus,boolean)	replicateInstanceInfo	4
com.netflix.eureka.cluster.AsgReplicationTask	AsgReplicationTask(java.lang.String,com.netflix.eureka.registry.PeerAwareInstanceRegistryImpl.Action,java.lang.String,com.netflix.eureka.resources.ASGResource.ASGStatus)	asgName	2
com.netflix.eureka.cluster.AsgReplicationTask	AsgReplicationTask(java.lang.String,com.netflix.eureka.registry.PeerAwareInstanceRegistryImpl.Action,java.lang.String,com.netflix.eureka.resources.ASGResource.ASGStatus)	newStatus	3
com.netflix.eureka.cluster.DynamicGZIPContentEncodingFilter	DynamicGZIPContentEncodingFilter(com.netflix.eureka.EurekaServerConfig)	config	0
com.netflix.eureka.cluster.DynamicGZIPContentEncodingFilter	handle(com.sun.jersey.api.client.ClientRequest)	request	0
com.netflix.eureka.cluster.DynamicGZIPContentEncodingFilter	decompressResponse(com.sun.jersey.api.client.ClientResponse)	response	0
com.netflix.eureka.cluster.ReplicationTaskProcessor	ReplicationTaskProcessor(java.lang.String,com.netflix.eureka.cluster.HttpReplicationClient)	peerId	0
com.netflix.eureka.cluster.ReplicationTaskProcessor	ReplicationTaskProcessor(java.lang.String,com.netflix.eureka.cluster.HttpReplicationClient)	replicationClient	1
com.netflix.eureka.cluster.ReplicationTaskProcessor	process(com.netflix.eureka.cluster.ReplicationTask)	task	0
com.netflix.eureka.cluster.ReplicationTaskProcessor	logNetworkErrorSample(com.netflix.eureka.cluster.ReplicationTask,java.lang.Throwable)	task	0
com.netflix.eureka.cluster.ReplicationTaskProcessor	handleBatchResponse(java.util.List,java.util.List)	responseList	1
com.netflix.eureka.cluster.ReplicationTaskProcessor	handleBatchResponse(java.util.List,java.util.List)	tasks	0
com.netflix.eureka.cluster.ReplicationTaskProcessor	handleBatchResponse(com.netflix.eureka.cluster.ReplicationTask,com.netflix.eureka.cluster.protocol.ReplicationInstanceResponse)	task	0
com.netflix.eureka.cluster.ReplicationTaskProcessor	handleBatchResponse(com.netflix.eureka.cluster.ReplicationTask,com.netflix.eureka.cluster.protocol.ReplicationInstanceResponse)	response	1
com.netflix.eureka.cluster.ReplicationTaskProcessor	createReplicationListOf(java.util.List)	tasks	0
com.netflix.eureka.cluster.ReplicationTaskProcessor	isSuccess(int)	statusCode	0
com.netflix.eureka.cluster.ReplicationTaskProcessor	isNetworkConnectException(java.lang.Throwable)	e	0
com.netflix.eureka.cluster.ReplicationTaskProcessor	maybeReadTimeOut(java.lang.Throwable)	e	0
com.netflix.eureka.cluster.ReplicationTaskProcessor	createReplicationInstanceOf(com.netflix.eureka.cluster.InstanceReplicationTask)	task	0
com.netflix.eureka.util.StatusInfo$Builder	withInstanceInfo(com.netflix.appinfo.InstanceInfo)	instanceInfo	0
com.netflix.eureka.util.batcher.TaskHolder	TaskHolder(ID,T,long)	task	1
com.netflix.eureka.util.batcher.TaskHolder	TaskHolder(ID,T,long)	id	0
com.netflix.eureka.util.batcher.TaskHolder	TaskHolder(ID,T,long)	expiryTime	2
com.netflix.eureka.util.batcher.TrafficShaper	registerFailure(com.netflix.eureka.util.batcher.TaskProcessor.ProcessingResult)	processingResult	0
com.netflix.eureka.util.batcher.TaskExecutors	TaskExecutors(com.netflix.eureka.util.batcher.TaskExecutors.WorkerRunnableFactory,int,java.util.concurrent.atomic.AtomicBoolean)	isShutdown	2
com.netflix.eureka.util.batcher.TaskExecutors	TaskExecutors(com.netflix.eureka.util.batcher.TaskExecutors.WorkerRunnableFactory,int,java.util.concurrent.atomic.AtomicBoolean)	workerRunnableFactory	0
com.netflix.eureka.util.batcher.TaskExecutors	TaskExecutors(com.netflix.eureka.util.batcher.TaskExecutors.WorkerRunnableFactory,int,java.util.concurrent.atomic.AtomicBoolean)	workerCount	1
com.netflix.eureka.util.batcher.TaskExecutors	singleItemExecutors(java.lang.String,int,com.netflix.eureka.util.batcher.TaskProcessor,com.netflix.eureka.util.batcher.AcceptorExecutor)	processor	2
com.netflix.eureka.util.batcher.TaskExecutors	singleItemExecutors(java.lang.String,int,com.netflix.eureka.util.batcher.TaskProcessor,com.netflix.eureka.util.batcher.AcceptorExecutor)	acceptorExecutor	3
com.netflix.eureka.util.batcher.TaskExecutors	singleItemExecutors(java.lang.String,int,com.netflix.eureka.util.batcher.TaskProcessor,com.netflix.eureka.util.batcher.AcceptorExecutor)	name	0
com.netflix.eureka.util.batcher.TaskExecutors	singleItemExecutors(java.lang.String,int,com.netflix.eureka.util.batcher.TaskProcessor,com.netflix.eureka.util.batcher.AcceptorExecutor)	workerCount	1
com.netflix.eureka.util.batcher.TaskExecutors	batchExecutors(java.lang.String,int,com.netflix.eureka.util.batcher.TaskProcessor,com.netflix.eureka.util.batcher.AcceptorExecutor)	processor	2
com.netflix.eureka.util.batcher.TaskExecutors	batchExecutors(java.lang.String,int,com.netflix.eureka.util.batcher.TaskProcessor,com.netflix.eureka.util.batcher.AcceptorExecutor)	name	0
com.netflix.eureka.util.batcher.TaskExecutors	batchExecutors(java.lang.String,int,com.netflix.eureka.util.batcher.TaskProcessor,com.netflix.eureka.util.batcher.AcceptorExecutor)	workerCount	1
com.netflix.eureka.util.batcher.TaskExecutors	batchExecutors(java.lang.String,int,com.netflix.eureka.util.batcher.TaskProcessor,com.netflix.eureka.util.batcher.AcceptorExecutor)	acceptorExecutor	3
com.netflix.eureka.util.batcher.TaskExecutors$TaskExecutorMetrics	registerTaskResult(com.netflix.eureka.util.batcher.TaskProcessor.ProcessingResult,int)	count	1
com.netflix.eureka.util.batcher.TaskExecutors$TaskExecutorMetrics	registerTaskResult(com.netflix.eureka.util.batcher.TaskProcessor.ProcessingResult,int)	result	0
com.netflix.eureka.util.batcher.TaskExecutors$TaskExecutorMetrics	registerExpiryTimes(java.util.List)	holders	0
com.netflix.eureka.util.batcher.TaskExecutors$WorkerRunnable	WorkerRunnable(java.lang.String,java.util.concurrent.atomic.AtomicBoolean,com.netflix.eureka.util.batcher.TaskExecutors.TaskExecutorMetrics,com.netflix.eureka.util.batcher.TaskProcessor,com.netflix.eureka.util.batcher.AcceptorExecutor)	processor	3
com.netflix.eureka.util.batcher.TaskExecutors$WorkerRunnable	WorkerRunnable(java.lang.String,java.util.concurrent.atomic.AtomicBoolean,com.netflix.eureka.util.batcher.TaskExecutors.TaskExecutorMetrics,com.netflix.eureka.util.batcher.TaskProcessor,com.netflix.eureka.util.batcher.AcceptorExecutor)	isShutdown	1
com.netflix.eureka.util.batcher.TaskExecutors$WorkerRunnable	WorkerRunnable(java.lang.String,java.util.concurrent.atomic.AtomicBoolean,com.netflix.eureka.util.batcher.TaskExecutors.TaskExecutorMetrics,com.netflix.eureka.util.batcher.TaskProcessor,com.netflix.eureka.util.batcher.AcceptorExecutor)	metrics	2
com.netflix.eureka.util.batcher.TaskExecutors$WorkerRunnable	WorkerRunnable(java.lang.String,java.util.concurrent.atomic.AtomicBoolean,com.netflix.eureka.util.batcher.TaskExecutors.TaskExecutorMetrics,com.netflix.eureka.util.batcher.TaskProcessor,com.netflix.eureka.util.batcher.AcceptorExecutor)	taskDispatcher	4
com.netflix.eureka.util.batcher.TaskExecutors$WorkerRunnable	WorkerRunnable(java.lang.String,java.util.concurrent.atomic.AtomicBoolean,com.netflix.eureka.util.batcher.TaskExecutors.TaskExecutorMetrics,com.netflix.eureka.util.batcher.TaskProcessor,com.netflix.eureka.util.batcher.AcceptorExecutor)	workerName	0
com.netflix.eureka.util.batcher.TaskExecutors$BatchWorkerRunnable	getTasksOf(java.util.List)	holders	0
com.netflix.eureka.util.batcher.AcceptorExecutor	AcceptorExecutor(java.lang.String,int,int,long,long,long)	maxBatchingDelay	3
com.netflix.eureka.util.batcher.AcceptorExecutor	AcceptorExecutor(java.lang.String,int,int,long,long,long)	id	0
com.netflix.eureka.util.batcher.AcceptorExecutor	AcceptorExecutor(java.lang.String,int,int,long,long,long)	maxBufferSize	1
com.netflix.eureka.util.batcher.AcceptorExecutor	AcceptorExecutor(java.lang.String,int,int,long,long,long)	maxBatchingSize	2
com.netflix.eureka.util.batcher.AcceptorExecutor	AcceptorExecutor(java.lang.String,int,int,long,long,long)	networkFailureRetryMs	5
com.netflix.eureka.util.batcher.AcceptorExecutor	AcceptorExecutor(java.lang.String,int,int,long,long,long)	congestionRetryDelayMs	4
com.netflix.eureka.util.batcher.AcceptorExecutor	reprocess(java.util.List,com.netflix.eureka.util.batcher.TaskProcessor.ProcessingResult)	holders	0
com.netflix.eureka.util.batcher.TaskDispatchers	createNonBatchingTaskDispatcher(java.lang.String,int,int,long,long,long,com.netflix.eureka.util.batcher.TaskProcessor)	congestionRetryDelayMs	4
com.netflix.eureka.util.batcher.TaskDispatchers	createNonBatchingTaskDispatcher(java.lang.String,int,int,long,long,long,com.netflix.eureka.util.batcher.TaskProcessor)	networkFailureRetryMs	5
com.netflix.eureka.util.batcher.TaskDispatchers	createNonBatchingTaskDispatcher(java.lang.String,int,int,long,long,long,com.netflix.eureka.util.batcher.TaskProcessor)	id	0
com.netflix.eureka.util.batcher.TaskDispatchers	createNonBatchingTaskDispatcher(java.lang.String,int,int,long,long,long,com.netflix.eureka.util.batcher.TaskProcessor)	maxBatchingDelay	3
com.netflix.eureka.util.batcher.TaskDispatchers	createNonBatchingTaskDispatcher(java.lang.String,int,int,long,long,long,com.netflix.eureka.util.batcher.TaskProcessor)	maxBufferSize	1
com.netflix.eureka.util.batcher.TaskDispatchers	createBatchingTaskDispatcher(java.lang.String,int,int,int,long,long,long,com.netflix.eureka.util.batcher.TaskProcessor)	id	0
com.netflix.eureka.util.batcher.TaskDispatchers	createBatchingTaskDispatcher(java.lang.String,int,int,int,long,long,long,com.netflix.eureka.util.batcher.TaskProcessor)	workloadSize	2
com.netflix.eureka.util.batcher.TaskDispatchers	createBatchingTaskDispatcher(java.lang.String,int,int,int,long,long,long,com.netflix.eureka.util.batcher.TaskProcessor)	maxBatchingDelay	4
com.netflix.eureka.util.batcher.TaskDispatchers	createBatchingTaskDispatcher(java.lang.String,int,int,int,long,long,long,com.netflix.eureka.util.batcher.TaskProcessor)	maxBufferSize	1
com.netflix.eureka.util.batcher.TaskDispatchers	createBatchingTaskDispatcher(java.lang.String,int,int,int,long,long,long,com.netflix.eureka.util.batcher.TaskProcessor)	networkFailureRetryMs	6
com.netflix.eureka.util.batcher.TaskDispatchers	createBatchingTaskDispatcher(java.lang.String,int,int,int,long,long,long,com.netflix.eureka.util.batcher.TaskProcessor)	congestionRetryDelayMs	5
com.netflix.eureka.util.StatusUtil	StatusUtil(com.netflix.eureka.EurekaServerContext)	server	0
com.netflix.eureka.aws.AwsBinderDelegate	AwsBinderDelegate(com.netflix.eureka.EurekaServerConfig,com.netflix.discovery.EurekaClientConfig,com.netflix.eureka.registry.PeerAwareInstanceRegistry,com.netflix.appinfo.ApplicationInfoManager)	clientConfig	1
com.netflix.eureka.aws.AwsBinderDelegate	AwsBinderDelegate(com.netflix.eureka.EurekaServerConfig,com.netflix.discovery.EurekaClientConfig,com.netflix.eureka.registry.PeerAwareInstanceRegistry,com.netflix.appinfo.ApplicationInfoManager)	serverConfig	0
com.netflix.eureka.aws.AwsBinderDelegate	AwsBinderDelegate(com.netflix.eureka.EurekaServerConfig,com.netflix.discovery.EurekaClientConfig,com.netflix.eureka.registry.PeerAwareInstanceRegistry,com.netflix.appinfo.ApplicationInfoManager)	registry	2
com.netflix.eureka.aws.AwsBinderDelegate	AwsBinderDelegate(com.netflix.eureka.EurekaServerConfig,com.netflix.discovery.EurekaClientConfig,com.netflix.eureka.registry.PeerAwareInstanceRegistry,com.netflix.appinfo.ApplicationInfoManager)	applicationInfoManager	3
com.netflix.eureka.aws.Route53Binder	Route53Binder(java.lang.String,com.netflix.eureka.EurekaServerConfig,com.netflix.discovery.EurekaClientConfig,com.netflix.appinfo.ApplicationInfoManager)	serverConfig	1
com.netflix.eureka.aws.Route53Binder	Route53Binder(java.lang.String,com.netflix.eureka.EurekaServerConfig,com.netflix.discovery.EurekaClientConfig,com.netflix.appinfo.ApplicationInfoManager)	clientConfig	2
com.netflix.eureka.aws.Route53Binder	Route53Binder(java.lang.String,com.netflix.eureka.EurekaServerConfig,com.netflix.discovery.EurekaClientConfig,com.netflix.appinfo.ApplicationInfoManager)	applicationInfoManager	3
com.netflix.eureka.aws.Route53Binder	Route53Binder(java.lang.String,com.netflix.eureka.EurekaServerConfig,com.netflix.discovery.EurekaClientConfig,com.netflix.appinfo.ApplicationInfoManager)	registrationHostname	0
com.netflix.eureka.aws.Route53Binder	getRegistrationHostnameFromAmazonDataCenterInfo(com.netflix.appinfo.ApplicationInfoManager)	applicationInfoManager	0
com.netflix.eureka.aws.Route53Binder	createResourceRecordSet(com.netflix.eureka.aws.Route53Binder.ResourceRecordSetWithHostedZone)	rrs	0
com.netflix.eureka.aws.Route53Binder	toDomains(java.util.List)	ec2Urls	0
com.netflix.eureka.aws.Route53Binder	getHostedZone(java.lang.String)	domain	0
com.netflix.eureka.aws.Route53Binder	extractDomain(java.lang.String)	url	0
com.netflix.eureka.aws.Route53Binder	getAmazonRoute53Client(com.netflix.eureka.EurekaServerConfig)	serverConfig	0
com.netflix.eureka.aws.Route53Binder	hasValue(com.netflix.eureka.aws.Route53Binder.ResourceRecordSetWithHostedZone,java.lang.String)	resourceRecordSetWithHostedZone	0
com.netflix.eureka.aws.Route53Binder	hasValue(com.netflix.eureka.aws.Route53Binder.ResourceRecordSetWithHostedZone,java.lang.String)	ip	1
com.netflix.eureka.aws.Route53Binder$ResourceRecordSetWithHostedZone	ResourceRecordSetWithHostedZone(com.amazonaws.services.route53.model.HostedZone,com.amazonaws.services.route53.model.ResourceRecordSet)	hostedZone	0
com.netflix.eureka.aws.Route53Binder$ResourceRecordSetWithHostedZone	ResourceRecordSetWithHostedZone(com.amazonaws.services.route53.model.HostedZone,com.amazonaws.services.route53.model.ResourceRecordSet)	resourceRecordSet	1
com.netflix.eureka.aws.EIPManager	EIPManager(com.netflix.eureka.EurekaServerConfig,com.netflix.discovery.EurekaClientConfig,com.netflix.eureka.registry.PeerAwareInstanceRegistry,com.netflix.appinfo.ApplicationInfoManager)	applicationInfoManager	3
com.netflix.eureka.aws.EIPManager	EIPManager(com.netflix.eureka.EurekaServerConfig,com.netflix.discovery.EurekaClientConfig,com.netflix.eureka.registry.PeerAwareInstanceRegistry,com.netflix.appinfo.ApplicationInfoManager)	registry	2
com.netflix.eureka.aws.EIPManager	EIPManager(com.netflix.eureka.EurekaServerConfig,com.netflix.discovery.EurekaClientConfig,com.netflix.eureka.registry.PeerAwareInstanceRegistry,com.netflix.appinfo.ApplicationInfoManager)	serverConfig	0
com.netflix.eureka.aws.EIPManager	EIPManager(com.netflix.eureka.EurekaServerConfig,com.netflix.discovery.EurekaClientConfig,com.netflix.eureka.registry.PeerAwareInstanceRegistry,com.netflix.appinfo.ApplicationInfoManager)	clientConfig	1
com.netflix.eureka.aws.EIPManager	getCandidateEIPs(java.lang.String,java.lang.String)	myZone	1
com.netflix.eureka.aws.EIPManager	getEIPsFromServiceUrls(java.util.List)	ec2Urls	0
com.netflix.eureka.aws.ElasticNetworkInterfaceBinder	ElasticNetworkInterfaceBinder(com.netflix.eureka.EurekaServerConfig,com.netflix.discovery.EurekaClientConfig,com.netflix.eureka.registry.PeerAwareInstanceRegistry,com.netflix.appinfo.ApplicationInfoManager)	clientConfig	1
com.netflix.eureka.aws.ElasticNetworkInterfaceBinder	ElasticNetworkInterfaceBinder(com.netflix.eureka.EurekaServerConfig,com.netflix.discovery.EurekaClientConfig,com.netflix.eureka.registry.PeerAwareInstanceRegistry,com.netflix.appinfo.ApplicationInfoManager)	serverConfig	0
com.netflix.eureka.aws.ElasticNetworkInterfaceBinder	ElasticNetworkInterfaceBinder(com.netflix.eureka.EurekaServerConfig,com.netflix.discovery.EurekaClientConfig,com.netflix.eureka.registry.PeerAwareInstanceRegistry,com.netflix.appinfo.ApplicationInfoManager)	registry	2
com.netflix.eureka.aws.ElasticNetworkInterfaceBinder	ElasticNetworkInterfaceBinder(com.netflix.eureka.EurekaServerConfig,com.netflix.discovery.EurekaClientConfig,com.netflix.eureka.registry.PeerAwareInstanceRegistry,com.netflix.appinfo.ApplicationInfoManager)	applicationInfoManager	3
com.netflix.eureka.aws.ElasticNetworkInterfaceBinder	instanceData(java.lang.String,com.amazonaws.services.ec2.AmazonEC2)	ec2	1
com.netflix.eureka.transport.JerseyRemoteRegionClientFactory	JerseyRemoteRegionClientFactory(com.netflix.eureka.EurekaServerConfig,com.netflix.eureka.resources.ServerCodecs,java.lang.String)	region	2
com.netflix.eureka.transport.JerseyRemoteRegionClientFactory	JerseyRemoteRegionClientFactory(com.netflix.eureka.EurekaServerConfig,com.netflix.eureka.resources.ServerCodecs,java.lang.String)	serverConfig	0
com.netflix.eureka.transport.JerseyRemoteRegionClientFactory	JerseyRemoteRegionClientFactory(com.netflix.eureka.EurekaServerConfig,com.netflix.eureka.resources.ServerCodecs,java.lang.String)	serverCodecs	1
com.netflix.eureka.transport.JerseyRemoteRegionClientFactory	newClient(com.netflix.discovery.shared.resolver.EurekaEndpoint)	endpoint	0
com.netflix.eureka.transport.JerseyRemoteRegionClientFactory	getOrCreateJerseyClient(java.lang.String,com.netflix.discovery.shared.resolver.EurekaEndpoint)	endpoint	1
com.netflix.eureka.transport.EurekaServerHttpClients	createRemoteRegionClient(com.netflix.eureka.EurekaServerConfig,com.netflix.discovery.shared.transport.EurekaTransportConfig,com.netflix.eureka.resources.ServerCodecs,com.netflix.discovery.shared.resolver.ClusterResolver)	serverConfig	0
com.netflix.eureka.transport.EurekaServerHttpClients	createRemoteRegionClient(com.netflix.eureka.EurekaServerConfig,com.netflix.discovery.shared.transport.EurekaTransportConfig,com.netflix.eureka.resources.ServerCodecs,com.netflix.discovery.shared.resolver.ClusterResolver)	clusterResolver	3
com.netflix.eureka.transport.EurekaServerHttpClients	createRemoteRegionClient(com.netflix.eureka.EurekaServerConfig,com.netflix.discovery.shared.transport.EurekaTransportConfig,com.netflix.eureka.resources.ServerCodecs,com.netflix.discovery.shared.resolver.ClusterResolver)	serverCodecs	2
com.netflix.eureka.transport.EurekaServerHttpClients	createFactory(com.netflix.discovery.shared.transport.TransportClientFactory)	delegateFactory	0
com.netflix.eureka.transport.EurekaServerHttpClients$1	newClient(com.netflix.discovery.shared.resolver.EurekaEndpoint)	endpoint	0
com.netflix.eureka.transport.JerseyReplicationClient	JerseyReplicationClient(com.netflix.discovery.shared.transport.jersey.EurekaJerseyClient,java.lang.String)	jerseyClient	0
com.netflix.eureka.transport.JerseyReplicationClient	addExtraHeaders(com.sun.jersey.api.client.WebResource.Builder)	webResource	0
com.netflix.eureka.transport.JerseyReplicationClient	sendHeartBeat(java.lang.String,java.lang.String,com.netflix.appinfo.InstanceInfo,com.netflix.appinfo.InstanceInfo.InstanceStatus)	appName	0
com.netflix.eureka.transport.JerseyReplicationClient	sendHeartBeat(java.lang.String,java.lang.String,com.netflix.appinfo.InstanceInfo,com.netflix.appinfo.InstanceInfo.InstanceStatus)	overriddenStatus	3
com.netflix.eureka.transport.JerseyReplicationClient	sendHeartBeat(java.lang.String,java.lang.String,com.netflix.appinfo.InstanceInfo,com.netflix.appinfo.InstanceInfo.InstanceStatus)	id	1
com.netflix.eureka.transport.JerseyReplicationClient	statusUpdate(java.lang.String,com.netflix.eureka.resources.ASGResource.ASGStatus)	asgName	0
com.netflix.eureka.transport.JerseyReplicationClient	createReplicationClient(com.netflix.eureka.EurekaServerConfig,com.netflix.eureka.resources.ServerCodecs,java.lang.String)	serviceUrl	2
com.netflix.eureka.transport.JerseyReplicationClient	isSuccess(int)	statusCode	0
com.netflix.eureka.DefaultEurekaServerConfig	DefaultEurekaServerConfig(java.lang.String)	namespace	0
com.netflix.eureka.DefaultEurekaServerConfig	getRemoteRegionAppWhitelist(java.lang.String)	regionName	0
com.netflix.eureka.resources.StatusResource	StatusResource(com.netflix.eureka.EurekaServerContext)	server	0
com.netflix.eureka.resources.AbstractVIPResource	AbstractVIPResource(com.netflix.eureka.EurekaServerContext)	server	0
com.netflix.eureka.resources.AbstractVIPResource	getVipResponse(java.lang.String,java.lang.String,java.lang.String,com.netflix.appinfo.EurekaAccept,com.netflix.eureka.registry.Key.EntityType)	acceptHeader	2
com.netflix.eureka.resources.AbstractVIPResource	getVipResponse(java.lang.String,java.lang.String,java.lang.String,com.netflix.appinfo.EurekaAccept,com.netflix.eureka.registry.Key.EntityType)	entityType	4
com.netflix.eureka.resources.AbstractVIPResource	getVipResponse(java.lang.String,java.lang.String,java.lang.String,com.netflix.appinfo.EurekaAccept,com.netflix.eureka.registry.Key.EntityType)	entityName	1
com.netflix.eureka.resources.AbstractVIPResource	getVipResponse(java.lang.String,java.lang.String,java.lang.String,com.netflix.appinfo.EurekaAccept,com.netflix.eureka.registry.Key.EntityType)	eurekaAccept	3
com.netflix.eureka.resources.ServerInfoResource	ServerInfoResource(com.netflix.eureka.EurekaServerContext)	server	0
com.netflix.eureka.resources.ApplicationResource	ApplicationResource(java.lang.String,com.netflix.eureka.EurekaServerConfig,com.netflix.eureka.registry.PeerAwareInstanceRegistry)	registry	2
com.netflix.eureka.resources.ApplicationResource	ApplicationResource(java.lang.String,com.netflix.eureka.EurekaServerConfig,com.netflix.eureka.registry.PeerAwareInstanceRegistry)	appName	0
com.netflix.eureka.resources.ApplicationResource	ApplicationResource(java.lang.String,com.netflix.eureka.EurekaServerConfig,com.netflix.eureka.registry.PeerAwareInstanceRegistry)	serverConfig	1
com.netflix.eureka.resources.ApplicationResource	getApplication(java.lang.String,java.lang.String,java.lang.String)	acceptHeader	1
com.netflix.eureka.resources.ApplicationResource	getInstanceInfo(java.lang.String)	id	0
com.netflix.eureka.resources.ApplicationResource	addInstance(com.netflix.appinfo.InstanceInfo,java.lang.String)	info	0
com.netflix.eureka.resources.ApplicationResource	isBlank(java.lang.String)	str	0
com.netflix.eureka.resources.InstanceResource	InstanceResource(com.netflix.eureka.resources.ApplicationResource,java.lang.String,com.netflix.eureka.EurekaServerConfig,com.netflix.eureka.registry.PeerAwareInstanceRegistry)	id	1
com.netflix.eureka.resources.InstanceResource	InstanceResource(com.netflix.eureka.resources.ApplicationResource,java.lang.String,com.netflix.eureka.EurekaServerConfig,com.netflix.eureka.registry.PeerAwareInstanceRegistry)	serverConfig	2
com.netflix.eureka.resources.InstanceResource	InstanceResource(com.netflix.eureka.resources.ApplicationResource,java.lang.String,com.netflix.eureka.EurekaServerConfig,com.netflix.eureka.registry.PeerAwareInstanceRegistry)	registry	3
com.netflix.eureka.resources.InstanceResource	InstanceResource(com.netflix.eureka.resources.ApplicationResource,java.lang.String,com.netflix.eureka.EurekaServerConfig,com.netflix.eureka.registry.PeerAwareInstanceRegistry)	app	0
com.netflix.eureka.resources.InstanceResource	renewLease(java.lang.String,java.lang.String,java.lang.String,java.lang.String)	lastDirtyTimestamp	3
com.netflix.eureka.resources.InstanceResource	renewLease(java.lang.String,java.lang.String,java.lang.String,java.lang.String)	overriddenStatus	1
com.netflix.eureka.resources.InstanceResource	deleteStatusUpdate(java.lang.String,java.lang.String,java.lang.String)	newStatusValue	1
com.netflix.eureka.resources.InstanceResource	updateMetadata(javax.ws.rs.core.UriInfo)	uriInfo	0
com.netflix.eureka.resources.InstanceResource	validateDirtyTimestamp(java.lang.Long,boolean)	lastDirtyTimestamp	0
com.netflix.eureka.resources.InstanceResource	validateDirtyTimestamp(java.lang.Long,boolean)	isReplication	1
com.netflix.eureka.resources.ApplicationsResource	ApplicationsResource(com.netflix.eureka.EurekaServerContext)	eurekaServer	0
com.netflix.eureka.resources.ApplicationsResource	getApplicationResource(java.lang.String,java.lang.String)	appId	1
com.netflix.eureka.resources.ApplicationsResource	getContainers(java.lang.String,java.lang.String,java.lang.String,java.lang.String,javax.ws.rs.core.UriInfo,java.lang.String)	acceptHeader	1
com.netflix.eureka.resources.ApplicationsResource	getContainers(java.lang.String,java.lang.String,java.lang.String,java.lang.String,javax.ws.rs.core.UriInfo,java.lang.String)	regionsStr	5
com.netflix.eureka.resources.ApplicationsResource	getContainers(java.lang.String,java.lang.String,java.lang.String,java.lang.String,javax.ws.rs.core.UriInfo,java.lang.String)	acceptEncoding	2
com.netflix.eureka.resources.ApplicationsResource	getContainerDifferential(java.lang.String,java.lang.String,java.lang.String,java.lang.String,javax.ws.rs.core.UriInfo,java.lang.String)	regionsStr	5
com.netflix.eureka.resources.ApplicationsResource	getContainerDifferential(java.lang.String,java.lang.String,java.lang.String,java.lang.String,javax.ws.rs.core.UriInfo,java.lang.String)	acceptEncoding	2
com.netflix.eureka.resources.ApplicationsResource	getContainerDifferential(java.lang.String,java.lang.String,java.lang.String,java.lang.String,javax.ws.rs.core.UriInfo,java.lang.String)	acceptHeader	1
com.netflix.eureka.resources.PeerReplicationResource	PeerReplicationResource(com.netflix.eureka.EurekaServerContext)	server	0
com.netflix.eureka.resources.PeerReplicationResource	batchReplication(com.netflix.eureka.cluster.protocol.ReplicationList)	replicationList	0
com.netflix.eureka.resources.PeerReplicationResource	dispatch(com.netflix.eureka.cluster.protocol.ReplicationInstance)	instanceInfo	0
com.netflix.eureka.resources.PeerReplicationResource	createApplicationResource(com.netflix.eureka.cluster.protocol.ReplicationInstance)	instanceInfo	0
com.netflix.eureka.resources.PeerReplicationResource	createInstanceResource(com.netflix.eureka.cluster.protocol.ReplicationInstance,com.netflix.eureka.resources.ApplicationResource)	applicationResource	1
com.netflix.eureka.resources.PeerReplicationResource	createInstanceResource(com.netflix.eureka.cluster.protocol.ReplicationInstance,com.netflix.eureka.resources.ApplicationResource)	instanceInfo	0
com.netflix.eureka.resources.PeerReplicationResource	handleRegister(com.netflix.eureka.cluster.protocol.ReplicationInstance,com.netflix.eureka.resources.ApplicationResource)	applicationResource	1
com.netflix.eureka.resources.PeerReplicationResource	handleCancel(com.netflix.eureka.resources.InstanceResource)	resource	0
com.netflix.eureka.resources.PeerReplicationResource	handleHeartbeat(com.netflix.eureka.EurekaServerConfig,com.netflix.eureka.resources.InstanceResource,java.lang.String,java.lang.String,java.lang.String)	resource	1
com.netflix.eureka.resources.PeerReplicationResource	handleStatusUpdate(com.netflix.eureka.cluster.protocol.ReplicationInstance,com.netflix.eureka.resources.InstanceResource)	resource	1
com.netflix.eureka.resources.PeerReplicationResource	handleDeleteStatusOverride(com.netflix.eureka.cluster.protocol.ReplicationInstance,com.netflix.eureka.resources.InstanceResource)	resource	1
com.netflix.eureka.resources.PeerReplicationResource	toString(T)	value	0
com.netflix.eureka.resources.DefaultServerCodecs	DefaultServerCodecs(com.netflix.discovery.converters.wrappers.CodecWrapper,com.netflix.discovery.converters.wrappers.CodecWrapper,com.netflix.discovery.converters.wrappers.CodecWrapper,com.netflix.discovery.converters.wrappers.CodecWrapper)	compactJsonCodec	1
com.netflix.eureka.resources.DefaultServerCodecs	DefaultServerCodecs(com.netflix.discovery.converters.wrappers.CodecWrapper,com.netflix.discovery.converters.wrappers.CodecWrapper,com.netflix.discovery.converters.wrappers.CodecWrapper,com.netflix.discovery.converters.wrappers.CodecWrapper)	fullXmlCodec	2
com.netflix.eureka.resources.DefaultServerCodecs	DefaultServerCodecs(com.netflix.discovery.converters.wrappers.CodecWrapper,com.netflix.discovery.converters.wrappers.CodecWrapper,com.netflix.discovery.converters.wrappers.CodecWrapper,com.netflix.discovery.converters.wrappers.CodecWrapper)	compactXmlCodec	3
com.netflix.eureka.resources.DefaultServerCodecs	DefaultServerCodecs(com.netflix.discovery.converters.wrappers.CodecWrapper,com.netflix.discovery.converters.wrappers.CodecWrapper,com.netflix.discovery.converters.wrappers.CodecWrapper,com.netflix.discovery.converters.wrappers.CodecWrapper)	fullJsonCodec	0
com.netflix.eureka.resources.DefaultServerCodecs	getEncoder(com.netflix.eureka.registry.Key.KeyType,boolean)	keyType	0
com.netflix.eureka.resources.DefaultServerCodecs	getEncoder(com.netflix.eureka.registry.Key.KeyType,boolean)	compact	1
com.netflix.eureka.resources.DefaultServerCodecs	getEncoder(com.netflix.eureka.registry.Key.KeyType,com.netflix.appinfo.EurekaAccept)	eurekaAccept	1
com.netflix.eureka.resources.DefaultServerCodecs$Builder	withFullJsonCodec(com.netflix.discovery.converters.wrappers.CodecWrapper)	fullJsonCodec	0
com.netflix.eureka.resources.DefaultServerCodecs$Builder	withCompactJsonCodec(com.netflix.discovery.converters.wrappers.CodecWrapper)	compactJsonCodec	0
com.netflix.eureka.resources.DefaultServerCodecs$Builder	withFullXmlCodec(com.netflix.discovery.converters.wrappers.CodecWrapper)	fullXmlCodec	0
com.netflix.eureka.resources.DefaultServerCodecs$Builder	withCompactXmlCodec(com.netflix.discovery.converters.wrappers.CodecWrapper)	compactXmlEncoder	0
com.netflix.eureka.resources.InstancesResource	InstancesResource(com.netflix.eureka.EurekaServerContext)	server	0
com.netflix.eureka.V1AwareInstanceInfoConverter	getStatus(com.netflix.appinfo.InstanceInfo)	info	0
com.netflix.eureka.GzipEncodingEnforcingFilter	doFilter(javax.servlet.ServletRequest,javax.servlet.ServletResponse,javax.servlet.FilterChain)	response	1
com.netflix.eureka.GzipEncodingEnforcingFilter	doFilter(javax.servlet.ServletRequest,javax.servlet.ServletResponse,javax.servlet.FilterChain)	request	0
com.netflix.eureka.GzipEncodingEnforcingFilter	doFilter(javax.servlet.ServletRequest,javax.servlet.ServletResponse,javax.servlet.FilterChain)	chain	2
com.netflix.eureka.GzipEncodingEnforcingFilter	addGzipAcceptEncoding(javax.servlet.http.HttpServletRequest)	request	0
com.netflix.eureka.GzipEncodingEnforcingFilter$EnumWrapper	EnumWrapper(java.util.Enumeration,E)	delegate	0
com.netflix.eureka.GzipEncodingEnforcingFilter$EnumWrapper	EnumWrapper(java.util.Enumeration,E)	extraElement	1
com.netflix.eureka.RateLimitingFilter	RateLimitingFilter(com.netflix.eureka.EurekaServerContext)	server	0
com.netflix.eureka.RateLimitingFilter	init(javax.servlet.FilterConfig)	filterConfig	0
com.netflix.eureka.RateLimitingFilter	doFilter(javax.servlet.ServletRequest,javax.servlet.ServletResponse,javax.servlet.FilterChain)	request	0
com.netflix.eureka.RateLimitingFilter	doFilter(javax.servlet.ServletRequest,javax.servlet.ServletResponse,javax.servlet.FilterChain)	chain	2
com.netflix.eureka.RateLimitingFilter	doFilter(javax.servlet.ServletRequest,javax.servlet.ServletResponse,javax.servlet.FilterChain)	response	1
com.netflix.eureka.RateLimitingFilter	getTarget(javax.servlet.ServletRequest)	request	0
com.netflix.eureka.RateLimitingFilter	isPrivileged(javax.servlet.http.HttpServletRequest)	request	0
com.netflix.eureka.RateLimitingFilter	isOverloaded(com.netflix.eureka.RateLimitingFilter.Target)	target	0
com.netflix.eureka.RateLimitingFilter	incrementStats(com.netflix.eureka.RateLimitingFilter.Target)	target	0
com.netflix.eureka.EurekaServerIdentity	EurekaServerIdentity(java.lang.String)	id	0
com.netflix.eureka.StatusFilter	doFilter(javax.servlet.ServletRequest,javax.servlet.ServletResponse,javax.servlet.FilterChain)	response	1
com.netflix.eureka.StatusFilter	doFilter(javax.servlet.ServletRequest,javax.servlet.ServletResponse,javax.servlet.FilterChain)	chain	2
com.netflix.eureka.DefaultEurekaServerContext	DefaultEurekaServerContext(com.netflix.eureka.EurekaServerConfig,com.netflix.eureka.resources.ServerCodecs,com.netflix.eureka.registry.PeerAwareInstanceRegistry,com.netflix.eureka.cluster.PeerEurekaNodes,com.netflix.appinfo.ApplicationInfoManager)	serverCodecs	1
com.netflix.eureka.DefaultEurekaServerContext	DefaultEurekaServerContext(com.netflix.eureka.EurekaServerConfig,com.netflix.eureka.resources.ServerCodecs,com.netflix.eureka.registry.PeerAwareInstanceRegistry,com.netflix.eureka.cluster.PeerEurekaNodes,com.netflix.appinfo.ApplicationInfoManager)	peerEurekaNodes	3
com.netflix.eureka.DefaultEurekaServerContext	DefaultEurekaServerContext(com.netflix.eureka.EurekaServerConfig,com.netflix.eureka.resources.ServerCodecs,com.netflix.eureka.registry.PeerAwareInstanceRegistry,com.netflix.eureka.cluster.PeerEurekaNodes,com.netflix.appinfo.ApplicationInfoManager)	serverConfig	0
com.netflix.eureka.DefaultEurekaServerContext	DefaultEurekaServerContext(com.netflix.eureka.EurekaServerConfig,com.netflix.eureka.resources.ServerCodecs,com.netflix.eureka.registry.PeerAwareInstanceRegistry,com.netflix.eureka.cluster.PeerEurekaNodes,com.netflix.appinfo.ApplicationInfoManager)	applicationInfoManager	4
com.netflix.eureka.DefaultEurekaServerContext	DefaultEurekaServerContext(com.netflix.eureka.EurekaServerConfig,com.netflix.eureka.resources.ServerCodecs,com.netflix.eureka.registry.PeerAwareInstanceRegistry,com.netflix.eureka.cluster.PeerEurekaNodes,com.netflix.appinfo.ApplicationInfoManager)	registry	2
