message_type	message	enc_class	enc_member	offset	path	target_kind	target_class	target_method	target_param	target_index	target_path	infos
METHOD_NO_INIT	initializer method does not guarantee @NonNull field serverConfig (line 28) is initialized along all control-flow paths (remember to check for exceptions or early returns).	com.netflix.eureka.ServerRequestAuthFilter	ServerRequestAuthFilter()	1082	/home/nima/Developer/nullness-benchmarks/eureka/eureka-core/src/main/java/com/netflix/eureka/ServerRequestAuthFilter.java	null	null	null	null	null	null
METHOD_NO_INIT	initializer method does not guarantee @NonNull field taskExecutor (line 46) is initialized along all control-flow paths (remember to check for exceptions or early returns).	com.netflix.eureka.cluster.PeerEurekaNodes	PeerEurekaNodes(com.netflix.eureka.registry.PeerAwareInstanceRegistry,com.netflix.eureka.EurekaServerConfig,com.netflix.discovery.EurekaClientConfig,com.netflix.eureka.resources.ServerCodecs,com.netflix.appinfo.ApplicationInfoManager)	1648	/home/nima/Developer/nullness-benchmarks/eureka/eureka-core/src/main/java/com/netflix/eureka/cluster/PeerEurekaNodes.java	null	null	null	null	null	null
RETURN_NULLABLE	returning @Nullable expression from method with @NonNull return type	com.netflix.eureka.cluster.PeerEurekaNodes	hostFromUrl(java.lang.String)	9073	/home/nima/Developer/nullness-benchmarks/eureka/eureka-core/src/main/java/com/netflix/eureka/cluster/PeerEurekaNodes.java	METHOD	com.netflix.eureka.cluster.PeerEurekaNodes	hostFromUrl(java.lang.String)	null	null	/home/nima/Developer/nullness-benchmarks/eureka/eureka-core/src/main/java/com/netflix/eureka/cluster/PeerEurekaNodes.java
ASSIGN_FIELD_NULLABLE	assigning @Nullable expression to @NonNull field	com.netflix.eureka.resources.ASGResource	ASGResource(com.netflix.eureka.EurekaServerContext)	3005	/home/nima/Developer/nullness-benchmarks/eureka/eureka-core/src/main/java/com/netflix/eureka/resources/ASGResource.java	FIELD	com.netflix.eureka.resources.ASGResource	null	awsAsgUtil	null	/home/nima/Developer/nullness-benchmarks/eureka/eureka-core/src/main/java/com/netflix/eureka/resources/ASGResource.java
RETURN_NULLABLE	returning @Nullable expression from method with @NonNull return type	com.netflix.eureka.aws.AwsAsgUtil	retrieveAutoScalingGroup(java.lang.String)	9872	/home/nima/Developer/nullness-benchmarks/eureka/eureka-core/src/main/java/com/netflix/eureka/aws/AwsAsgUtil.java	METHOD	com.netflix.eureka.aws.AwsAsgUtil	retrieveAutoScalingGroup(java.lang.String)	null	null	/home/nima/Developer/nullness-benchmarks/eureka/eureka-core/src/main/java/com/netflix/eureka/aws/AwsAsgUtil.java
RETURN_NULLABLE	returning @Nullable expression from method with @NonNull return type	com.netflix.eureka.aws.AwsAsgUtil	retrieveAutoScalingGroup(java.lang.String)	10272	/home/nima/Developer/nullness-benchmarks/eureka/eureka-core/src/main/java/com/netflix/eureka/aws/AwsAsgUtil.java	METHOD	com.netflix.eureka.aws.AwsAsgUtil	retrieveAutoScalingGroup(java.lang.String)	null	null	/home/nima/Developer/nullness-benchmarks/eureka/eureka-core/src/main/java/com/netflix/eureka/aws/AwsAsgUtil.java
RETURN_NULLABLE	returning @Nullable expression from method with @NonNull return type	com.netflix.eureka.aws.AwsAsgUtil	retrieveAutoScalingGroupCrossAccount(java.lang.String,java.lang.String)	12523	/home/nima/Developer/nullness-benchmarks/eureka/eureka-core/src/main/java/com/netflix/eureka/aws/AwsAsgUtil.java	METHOD	com.netflix.eureka.aws.AwsAsgUtil	retrieveAutoScalingGroupCrossAccount(java.lang.String,java.lang.String)	null	null	/home/nima/Developer/nullness-benchmarks/eureka/eureka-core/src/main/java/com/netflix/eureka/aws/AwsAsgUtil.java
PASS_NULLABLE	passing @Nullable parameter 'null' where @NonNull is required	com.netflix.eureka.aws.AwsAsgUtil	getASGAccount(java.lang.String)	17191	/home/nima/Developer/nullness-benchmarks/eureka/eureka-core/src/main/java/com/netflix/eureka/aws/AwsAsgUtil.java	PARAMETER	com.netflix.eureka.aws.AwsAsgUtil	getAccountId(com.netflix.appinfo.InstanceInfo,java.lang.String)	fallbackId	1	/home/nima/Developer/nullness-benchmarks/eureka/eureka-core/src/main/java/com/netflix/eureka/aws/AwsAsgUtil.java
ASSIGN_FIELD_NULLABLE	assigning @Nullable expression to @NonNull field	com.netflix.eureka.registry.Key	Key(com.netflix.eureka.registry.Key.EntityType,java.lang.String,com.netflix.eureka.registry.Key.KeyType,com.netflix.eureka.Version,com.netflix.appinfo.EurekaAccept,java.lang.String[])	1036	/home/nima/Developer/nullness-benchmarks/eureka/eureka-core/src/main/java/com/netflix/eureka/registry/Key.java	FIELD	com.netflix.eureka.registry.Key	null	regions	null	/home/nima/Developer/nullness-benchmarks/eureka/eureka-core/src/main/java/com/netflix/eureka/registry/Key.java
METHOD_NO_INIT	initializer method does not guarantee @NonNull field peerEurekaNodes (line 118) is initialized along all control-flow paths (remember to check for exceptions or early returns).	com.netflix.eureka.registry.PeerAwareInstanceRegistryImpl	PeerAwareInstanceRegistryImpl(com.netflix.eureka.EurekaServerConfig,com.netflix.discovery.EurekaClientConfig,com.netflix.eureka.resources.ServerCodecs,com.netflix.discovery.EurekaClient)	4858	/home/nima/Developer/nullness-benchmarks/eureka/eureka-core/src/main/java/com/netflix/eureka/registry/PeerAwareInstanceRegistryImpl.java	null	null	null	null	null	null
PASS_NULLABLE	passing @Nullable parameter 'null' where @NonNull is required	com.netflix.eureka.registry.PeerAwareInstanceRegistryImpl	primeAwsReplicas(com.netflix.appinfo.ApplicationInfoManager)	11650	/home/nima/Developer/nullness-benchmarks/eureka/eureka-core/src/main/java/com/netflix/eureka/registry/PeerAwareInstanceRegistryImpl.java	PARAMETER	com.netflix.eureka.cluster.PeerEurekaNode	heartbeat(java.lang.String,java.lang.String,com.netflix.appinfo.InstanceInfo,com.netflix.appinfo.InstanceInfo.InstanceStatus,boolean)	overriddenStatus	3	/home/nima/Developer/nullness-benchmarks/eureka/eureka-core/src/main/java/com/netflix/eureka/cluster/PeerEurekaNode.java
PASS_NULLABLE	passing @Nullable parameter 'null' where @NonNull is required	com.netflix.eureka.registry.PeerAwareInstanceRegistryImpl	cancel(java.lang.String,java.lang.String,boolean)	14356	/home/nima/Developer/nullness-benchmarks/eureka/eureka-core/src/main/java/com/netflix/eureka/registry/PeerAwareInstanceRegistryImpl.java	PARAMETER	com.netflix.eureka.registry.PeerAwareInstanceRegistryImpl	replicateToPeers(com.netflix.eureka.registry.PeerAwareInstanceRegistryImpl.Action,java.lang.String,java.lang.String,com.netflix.appinfo.InstanceInfo,com.netflix.appinfo.InstanceInfo.InstanceStatus,boolean)	info	3	/home/nima/Developer/nullness-benchmarks/eureka/eureka-core/src/main/java/com/netflix/eureka/registry/PeerAwareInstanceRegistryImpl.java
PASS_NULLABLE	passing @Nullable parameter 'null' where @NonNull is required	com.netflix.eureka.registry.PeerAwareInstanceRegistryImpl	cancel(java.lang.String,java.lang.String,boolean)	14356	/home/nima/Developer/nullness-benchmarks/eureka/eureka-core/src/main/java/com/netflix/eureka/registry/PeerAwareInstanceRegistryImpl.java	PARAMETER	com.netflix.eureka.registry.PeerAwareInstanceRegistryImpl	replicateToPeers(com.netflix.eureka.registry.PeerAwareInstanceRegistryImpl.Action,java.lang.String,java.lang.String,com.netflix.appinfo.InstanceInfo,com.netflix.appinfo.InstanceInfo.InstanceStatus,boolean)	newStatus	4	/home/nima/Developer/nullness-benchmarks/eureka/eureka-core/src/main/java/com/netflix/eureka/registry/PeerAwareInstanceRegistryImpl.java
PASS_NULLABLE	passing @Nullable parameter 'null' where @NonNull is required	com.netflix.eureka.registry.PeerAwareInstanceRegistryImpl	register(com.netflix.appinfo.InstanceInfo,boolean)	15257	/home/nima/Developer/nullness-benchmarks/eureka/eureka-core/src/main/java/com/netflix/eureka/registry/PeerAwareInstanceRegistryImpl.java	PARAMETER	com.netflix.eureka.registry.PeerAwareInstanceRegistryImpl	replicateToPeers(com.netflix.eureka.registry.PeerAwareInstanceRegistryImpl.Action,java.lang.String,java.lang.String,com.netflix.appinfo.InstanceInfo,com.netflix.appinfo.InstanceInfo.InstanceStatus,boolean)	newStatus	4	/home/nima/Developer/nullness-benchmarks/eureka/eureka-core/src/main/java/com/netflix/eureka/registry/PeerAwareInstanceRegistryImpl.java
PASS_NULLABLE	passing @Nullable parameter 'null' where @NonNull is required	com.netflix.eureka.registry.PeerAwareInstanceRegistryImpl	renew(java.lang.String,java.lang.String,boolean)	15659	/home/nima/Developer/nullness-benchmarks/eureka/eureka-core/src/main/java/com/netflix/eureka/registry/PeerAwareInstanceRegistryImpl.java	PARAMETER	com.netflix.eureka.registry.PeerAwareInstanceRegistryImpl	replicateToPeers(com.netflix.eureka.registry.PeerAwareInstanceRegistryImpl.Action,java.lang.String,java.lang.String,com.netflix.appinfo.InstanceInfo,com.netflix.appinfo.InstanceInfo.InstanceStatus,boolean)	info	3	/home/nima/Developer/nullness-benchmarks/eureka/eureka-core/src/main/java/com/netflix/eureka/registry/PeerAwareInstanceRegistryImpl.java
PASS_NULLABLE	passing @Nullable parameter 'null' where @NonNull is required	com.netflix.eureka.registry.PeerAwareInstanceRegistryImpl	renew(java.lang.String,java.lang.String,boolean)	15659	/home/nima/Developer/nullness-benchmarks/eureka/eureka-core/src/main/java/com/netflix/eureka/registry/PeerAwareInstanceRegistryImpl.java	PARAMETER	com.netflix.eureka.registry.PeerAwareInstanceRegistryImpl	replicateToPeers(com.netflix.eureka.registry.PeerAwareInstanceRegistryImpl.Action,java.lang.String,java.lang.String,com.netflix.appinfo.InstanceInfo,com.netflix.appinfo.InstanceInfo.InstanceStatus,boolean)	newStatus	4	/home/nima/Developer/nullness-benchmarks/eureka/eureka-core/src/main/java/com/netflix/eureka/registry/PeerAwareInstanceRegistryImpl.java
PASS_NULLABLE	passing @Nullable parameter 'null' where @NonNull is required	com.netflix.eureka.registry.PeerAwareInstanceRegistryImpl	statusUpdate(java.lang.String,java.lang.String,com.netflix.appinfo.InstanceInfo.InstanceStatus,java.lang.String,boolean)	16305	/home/nima/Developer/nullness-benchmarks/eureka/eureka-core/src/main/java/com/netflix/eureka/registry/PeerAwareInstanceRegistryImpl.java	PARAMETER	com.netflix.eureka.registry.PeerAwareInstanceRegistryImpl	replicateToPeers(com.netflix.eureka.registry.PeerAwareInstanceRegistryImpl.Action,java.lang.String,java.lang.String,com.netflix.appinfo.InstanceInfo,com.netflix.appinfo.InstanceInfo.InstanceStatus,boolean)	info	3	/home/nima/Developer/nullness-benchmarks/eureka/eureka-core/src/main/java/com/netflix/eureka/registry/PeerAwareInstanceRegistryImpl.java
PASS_NULLABLE	passing @Nullable parameter 'null' where @NonNull is required	com.netflix.eureka.registry.PeerAwareInstanceRegistryImpl	deleteStatusOverride(java.lang.String,java.lang.String,com.netflix.appinfo.InstanceInfo.InstanceStatus,java.lang.String,boolean)	16726	/home/nima/Developer/nullness-benchmarks/eureka/eureka-core/src/main/java/com/netflix/eureka/registry/PeerAwareInstanceRegistryImpl.java	PARAMETER	com.netflix.eureka.registry.PeerAwareInstanceRegistryImpl	replicateToPeers(com.netflix.eureka.registry.PeerAwareInstanceRegistryImpl.Action,java.lang.String,java.lang.String,com.netflix.appinfo.InstanceInfo,com.netflix.appinfo.InstanceInfo.InstanceStatus,boolean)	info	3	/home/nima/Developer/nullness-benchmarks/eureka/eureka-core/src/main/java/com/netflix/eureka/registry/PeerAwareInstanceRegistryImpl.java
PASS_NULLABLE	passing @Nullable parameter 'null' where @NonNull is required	com.netflix.eureka.registry.PeerAwareInstanceRegistryImpl	deleteStatusOverride(java.lang.String,java.lang.String,com.netflix.appinfo.InstanceInfo.InstanceStatus,java.lang.String,boolean)	16726	/home/nima/Developer/nullness-benchmarks/eureka/eureka-core/src/main/java/com/netflix/eureka/registry/PeerAwareInstanceRegistryImpl.java	PARAMETER	com.netflix.eureka.registry.PeerAwareInstanceRegistryImpl	replicateToPeers(com.netflix.eureka.registry.PeerAwareInstanceRegistryImpl.Action,java.lang.String,java.lang.String,com.netflix.appinfo.InstanceInfo,com.netflix.appinfo.InstanceInfo.InstanceStatus,boolean)	newStatus	4	/home/nima/Developer/nullness-benchmarks/eureka/eureka-core/src/main/java/com/netflix/eureka/registry/PeerAwareInstanceRegistryImpl.java
RETURN_NULLABLE	returning @Nullable expression from method with @NonNull return type	com.netflix.eureka.registry.PeerAwareInstanceRegistryImpl	getNextServerFromEureka(java.lang.String,boolean)	19506	/home/nima/Developer/nullness-benchmarks/eureka/eureka-core/src/main/java/com/netflix/eureka/registry/PeerAwareInstanceRegistryImpl.java	METHOD	com.netflix.eureka.registry.PeerAwareInstanceRegistryImpl	getNextServerFromEureka(java.lang.String,boolean)	null	null	/home/nima/Developer/nullness-benchmarks/eureka/eureka-core/src/main/java/com/netflix/eureka/registry/PeerAwareInstanceRegistryImpl.java
PASS_NULLABLE	passing @Nullable parameter 'overriddenStatus' where @NonNull is required	com.netflix.eureka.registry.PeerAwareInstanceRegistryImpl	replicateInstanceActionsToPeers(com.netflix.eureka.registry.PeerAwareInstanceRegistryImpl.Action,java.lang.String,java.lang.String,com.netflix.appinfo.InstanceInfo,com.netflix.appinfo.InstanceInfo.InstanceStatus,com.netflix.eureka.cluster.PeerEurekaNode)	25281	/home/nima/Developer/nullness-benchmarks/eureka/eureka-core/src/main/java/com/netflix/eureka/registry/PeerAwareInstanceRegistryImpl.java	PARAMETER	com.netflix.eureka.cluster.PeerEurekaNode	heartbeat(java.lang.String,java.lang.String,com.netflix.appinfo.InstanceInfo,com.netflix.appinfo.InstanceInfo.InstanceStatus,boolean)	overriddenStatus	3	/home/nima/Developer/nullness-benchmarks/eureka/eureka-core/src/main/java/com/netflix/eureka/cluster/PeerEurekaNode.java
PASS_NULLABLE	passing @Nullable parameter 'null' where @NonNull is required	com.netflix.eureka.cluster.PeerEurekaNode	register(com.netflix.appinfo.InstanceInfo)	5346	/home/nima/Developer/nullness-benchmarks/eureka/eureka-core/src/main/java/com/netflix/eureka/cluster/PeerEurekaNode.java	PARAMETER	com.netflix.eureka.cluster.InstanceReplicationTask	InstanceReplicationTask(java.lang.String,com.netflix.eureka.registry.PeerAwareInstanceRegistryImpl.Action,com.netflix.appinfo.InstanceInfo,com.netflix.appinfo.InstanceInfo.InstanceStatus,boolean)	overriddenStatus	3	/home/nima/Developer/nullness-benchmarks/eureka/eureka-core/src/main/java/com/netflix/eureka/cluster/InstanceReplicationTask.java
PASS_NULLABLE	passing @Nullable parameter 'null' where @NonNull is required	com.netflix.eureka.cluster.PeerEurekaNode	statusUpdate(java.lang.String,java.lang.String,com.netflix.appinfo.InstanceInfo.InstanceStatus,com.netflix.appinfo.InstanceInfo)	10448	/home/nima/Developer/nullness-benchmarks/eureka/eureka-core/src/main/java/com/netflix/eureka/cluster/PeerEurekaNode.java	PARAMETER	com.netflix.eureka.cluster.InstanceReplicationTask	InstanceReplicationTask(java.lang.String,com.netflix.eureka.registry.PeerAwareInstanceRegistryImpl.Action,com.netflix.appinfo.InstanceInfo,com.netflix.appinfo.InstanceInfo.InstanceStatus,boolean)	overriddenStatus	3	/home/nima/Developer/nullness-benchmarks/eureka/eureka-core/src/main/java/com/netflix/eureka/cluster/InstanceReplicationTask.java
PASS_NULLABLE	passing @Nullable parameter 'null' where @NonNull is required	com.netflix.eureka.cluster.PeerEurekaNode	deleteStatusOverride(java.lang.String,java.lang.String,com.netflix.appinfo.InstanceInfo)	11227	/home/nima/Developer/nullness-benchmarks/eureka/eureka-core/src/main/java/com/netflix/eureka/cluster/PeerEurekaNode.java	PARAMETER	com.netflix.eureka.cluster.InstanceReplicationTask	InstanceReplicationTask(java.lang.String,com.netflix.eureka.registry.PeerAwareInstanceRegistryImpl.Action,com.netflix.appinfo.InstanceInfo,com.netflix.appinfo.InstanceInfo.InstanceStatus,boolean)	overriddenStatus	3	/home/nima/Developer/nullness-benchmarks/eureka/eureka-core/src/main/java/com/netflix/eureka/cluster/InstanceReplicationTask.java
METHOD_NO_INIT	initializer method does not guarantee @NonNull field responseCache (line 111) is initialized along all control-flow paths (remember to check for exceptions or early returns).	com.netflix.eureka.registry.AbstractInstanceRegistry	AbstractInstanceRegistry(com.netflix.eureka.EurekaServerConfig,com.netflix.discovery.EurekaClientConfig,com.netflix.eureka.resources.ServerCodecs)	4724	/home/nima/Developer/nullness-benchmarks/eureka/eureka-core/src/main/java/com/netflix/eureka/registry/AbstractInstanceRegistry.java	null	null	null	null	null	null
PASS_NULLABLE	passing @Nullable parameter 'existingLease' where @NonNull is required	com.netflix.eureka.registry.AbstractInstanceRegistry	register(com.netflix.appinfo.InstanceInfo,int,boolean)	11448	/home/nima/Developer/nullness-benchmarks/eureka/eureka-core/src/main/java/com/netflix/eureka/registry/AbstractInstanceRegistry.java	PARAMETER	com.netflix.eureka.registry.AbstractInstanceRegistry	getOverriddenInstanceStatus(com.netflix.appinfo.InstanceInfo,com.netflix.eureka.lease.Lease,boolean)	existingLease	1	/home/nima/Developer/nullness-benchmarks/eureka/eureka-core/src/main/java/com/netflix/eureka/registry/AbstractInstanceRegistry.java
RETURN_NULLABLE	returning @Nullable expression from method with @NonNull return type	com.netflix.eureka.registry.AbstractInstanceRegistry	getApplication(java.lang.String,boolean)	29460	/home/nima/Developer/nullness-benchmarks/eureka/eureka-core/src/main/java/com/netflix/eureka/registry/AbstractInstanceRegistry.java	METHOD	com.netflix.eureka.registry.AbstractInstanceRegistry	getApplication(java.lang.String,boolean)	null	null	/home/nima/Developer/nullness-benchmarks/eureka/eureka-core/src/main/java/com/netflix/eureka/registry/AbstractInstanceRegistry.java
RETURN_NULLABLE	returning @Nullable expression from method with @NonNull return type	com.netflix.eureka.registry.AbstractInstanceRegistry	getInstanceByAppAndId(java.lang.String,java.lang.String,boolean)	45856	/home/nima/Developer/nullness-benchmarks/eureka/eureka-core/src/main/java/com/netflix/eureka/registry/AbstractInstanceRegistry.java	METHOD	com.netflix.eureka.registry.AbstractInstanceRegistry	getInstanceByAppAndId(java.lang.String,java.lang.String,boolean)	null	null	/home/nima/Developer/nullness-benchmarks/eureka/eureka-core/src/main/java/com/netflix/eureka/registry/AbstractInstanceRegistry.java
FIELD_NO_INIT	@NonNull field ReplicationInstanceResponse$Builder.responseEntity not initialized	com.netflix.eureka.cluster.protocol.ReplicationInstanceResponse$Builder	responseEntity	1468	/home/nima/Developer/nullness-benchmarks/eureka/eureka-core/src/main/java/com/netflix/eureka/cluster/protocol/ReplicationInstanceResponse.java	FIELD	com.netflix.eureka.cluster.protocol.ReplicationInstanceResponse$Builder	null	responseEntity	null	/home/nima/Developer/nullness-benchmarks/eureka/eureka-core/src/main/java/com/netflix/eureka/cluster/protocol/ReplicationInstanceResponse.java
METHOD_NO_INIT	initializer method does not guarantee @NonNull fields appName (line 102), id (line 103), lastDirtyTimestamp (line 104), overriddenStatus (line 105), status (line 106), instanceInfo (line 107), action (line 108) are initialized along all control-flow paths (remember to check for exceptions or early returns).	com.netflix.eureka.cluster.protocol.ReplicationInstance$ReplicationInstanceBuilder	ReplicationInstanceBuilder()	3581	/home/nima/Developer/nullness-benchmarks/eureka/eureka-core/src/main/java/com/netflix/eureka/cluster/protocol/ReplicationInstance.java	null	null	null	null	null	null
PASS_NULLABLE	passing @Nullable parameter 'null' where @NonNull is required	com.netflix.eureka.registry.rule.StatusOverrideResult	NO_MATCH	304	/home/nima/Developer/nullness-benchmarks/eureka/eureka-core/src/main/java/com/netflix/eureka/registry/rule/StatusOverrideResult.java	PARAMETER	com.netflix.eureka.registry.rule.StatusOverrideResult	StatusOverrideResult(boolean,com.netflix.appinfo.InstanceInfo.InstanceStatus)	status	1	/home/nima/Developer/nullness-benchmarks/eureka/eureka-core/src/main/java/com/netflix/eureka/registry/rule/StatusOverrideResult.java
PASS_NULLABLE	passing @Nullable parameter 'ip' where @NonNull is required	com.netflix.eureka.registry.RemoteRegionRegistry	RemoteRegionRegistry(com.netflix.eureka.EurekaServerConfig,com.netflix.discovery.EurekaClientConfig,com.netflix.eureka.resources.ServerCodecs,java.lang.String,java.net.URL)	6938	/home/nima/Developer/nullness-benchmarks/eureka/eureka-core/src/main/java/com/netflix/eureka/registry/RemoteRegionRegistry.java	PARAMETER	com.netflix.eureka.EurekaServerIdentity	EurekaServerIdentity(java.lang.String)	id	0	/home/nima/Developer/nullness-benchmarks/eureka/eureka-core/src/main/java/com/netflix/eureka/EurekaServerIdentity.java
ASSIGN_FIELD_NULLABLE	assigning @Nullable expression to @NonNull field	com.netflix.eureka.registry.RemoteRegionRegistry	RemoteRegionRegistry(com.netflix.eureka.EurekaServerConfig,com.netflix.discovery.EurekaClientConfig,com.netflix.eureka.resources.ServerCodecs,java.lang.String,java.net.URL)	7563	/home/nima/Developer/nullness-benchmarks/eureka/eureka-core/src/main/java/com/netflix/eureka/registry/RemoteRegionRegistry.java	FIELD	com.netflix.eureka.registry.RemoteRegionRegistry	null	eurekaHttpClient	null	/home/nima/Developer/nullness-benchmarks/eureka/eureka-core/src/main/java/com/netflix/eureka/registry/RemoteRegionRegistry.java
PASS_NULLABLE	passing @Nullable parameter 'response' where @NonNull is required	com.netflix.eureka.registry.RemoteRegionRegistry	fetchRemoteRegistry(boolean)	17853	/home/nima/Developer/nullness-benchmarks/eureka/eureka-core/src/main/java/com/netflix/eureka/registry/RemoteRegionRegistry.java	PARAMETER	com.netflix.eureka.registry.RemoteRegionRegistry	closeResponse(com.sun.jersey.api.client.ClientResponse)	response	0	/home/nima/Developer/nullness-benchmarks/eureka/eureka-core/src/main/java/com/netflix/eureka/registry/RemoteRegionRegistry.java
RETURN_NULLABLE	returning @Nullable expression from method with @NonNull return type	com.netflix.eureka.registry.RemoteRegionRegistry	fetchRemoteRegistry(boolean)	17896	/home/nima/Developer/nullness-benchmarks/eureka/eureka-core/src/main/java/com/netflix/eureka/registry/RemoteRegionRegistry.java	METHOD	com.netflix.eureka.registry.RemoteRegionRegistry	fetchRemoteRegistry(boolean)	null	null	/home/nima/Developer/nullness-benchmarks/eureka/eureka-core/src/main/java/com/netflix/eureka/registry/RemoteRegionRegistry.java
RETURN_NULLABLE	returning @Nullable expression from method with @NonNull return type	com.netflix.eureka.registry.RemoteRegionRegistry	getApplications()	19759	/home/nima/Developer/nullness-benchmarks/eureka/eureka-core/src/main/java/com/netflix/eureka/registry/RemoteRegionRegistry.java	METHOD	com.netflix.eureka.registry.RemoteRegionRegistry	getApplications()	null	null	/home/nima/Developer/nullness-benchmarks/eureka/eureka-core/src/main/java/com/netflix/eureka/registry/RemoteRegionRegistry.java
RETURN_NULLABLE	returning @Nullable expression from method with @NonNull return type	com.netflix.eureka.registry.RemoteRegionRegistry	getNextServerFromEureka(java.lang.String,boolean)	19882	/home/nima/Developer/nullness-benchmarks/eureka/eureka-core/src/main/java/com/netflix/eureka/registry/RemoteRegionRegistry.java	METHOD	com.netflix.eureka.registry.RemoteRegionRegistry	getNextServerFromEureka(java.lang.String,boolean)	null	null	/home/nima/Developer/nullness-benchmarks/eureka/eureka-core/src/main/java/com/netflix/eureka/registry/RemoteRegionRegistry.java
DEREFERENCE_NULLABLE	dereferenced expression this.applications.get() is @Nullable	com.netflix.eureka.registry.RemoteRegionRegistry	getApplication(java.lang.String)	19977	/home/nima/Developer/nullness-benchmarks/eureka/eureka-core/src/main/java/com/netflix/eureka/registry/RemoteRegionRegistry.java	null	null	null	null	null	null	this.applications.get()---method---java.util.concurrent.atomic.AtomicReference---false---get()---19977
DEREFERENCE_NULLABLE	dereferenced expression applications.get() is @Nullable	com.netflix.eureka.registry.RemoteRegionRegistry	getInstancesById(java.lang.String)	20190	/home/nima/Developer/nullness-benchmarks/eureka/eureka-core/src/main/java/com/netflix/eureka/registry/RemoteRegionRegistry.java	null	null	null	null	null	null	applications.get()---method---java.util.concurrent.atomic.AtomicReference---false---get()---20190
RETURN_NULLABLE	returning @Nullable expression from method with @NonNull return type	com.netflix.eureka.registry.RemoteRegionRegistry	getApplicationDeltas()	20468	/home/nima/Developer/nullness-benchmarks/eureka/eureka-core/src/main/java/com/netflix/eureka/registry/RemoteRegionRegistry.java	METHOD	com.netflix.eureka.registry.RemoteRegionRegistry	getApplicationDeltas()	null	null	/home/nima/Developer/nullness-benchmarks/eureka/eureka-core/src/main/java/com/netflix/eureka/registry/RemoteRegionRegistry.java
METHOD_NO_INIT	initializer method does not guarantee @NonNull fields serverContext (line 78), awsBinder (line 79) are initialized along all control-flow paths (remember to check for exceptions or early returns).	com.netflix.eureka.EurekaBootStrap	EurekaBootStrap(com.netflix.discovery.EurekaClient)	3696	/home/nima/Developer/nullness-benchmarks/eureka/eureka-core/src/main/java/com/netflix/eureka/EurekaBootStrap.java	null	null	null	null	null	null
PASS_NULLABLE	passing @Nullable parameter 'null' where @NonNull is required	com.netflix.eureka.EurekaBootStrap	EurekaBootStrap()	3525	/home/nima/Developer/nullness-benchmarks/eureka/eureka-core/src/main/java/com/netflix/eureka/EurekaBootStrap.java	PARAMETER	com.netflix.eureka.EurekaBootStrap	EurekaBootStrap(com.netflix.discovery.EurekaClient)	eurekaClient	0	/home/nima/Developer/nullness-benchmarks/eureka/eureka-core/src/main/java/com/netflix/eureka/EurekaBootStrap.java
RETURN_NULLABLE	returning @Nullable expression from method with @NonNull return type	com.netflix.eureka.registry.ResponseCacheImpl	get(com.netflix.eureka.registry.Key,boolean)	9640	/home/nima/Developer/nullness-benchmarks/eureka/eureka-core/src/main/java/com/netflix/eureka/registry/ResponseCacheImpl.java	METHOD	com.netflix.eureka.registry.ResponseCacheImpl	get(com.netflix.eureka.registry.Key,boolean)	null	null	/home/nima/Developer/nullness-benchmarks/eureka/eureka-core/src/main/java/com/netflix/eureka/registry/ResponseCacheImpl.java
RETURN_NULLABLE	returning @Nullable expression from method with @NonNull return type	com.netflix.eureka.registry.ResponseCacheImpl	getGZIP(com.netflix.eureka.registry.Key)	10097	/home/nima/Developer/nullness-benchmarks/eureka/eureka-core/src/main/java/com/netflix/eureka/registry/ResponseCacheImpl.java	METHOD	com.netflix.eureka.registry.ResponseCacheImpl	getGZIP(com.netflix.eureka.registry.Key)	null	null	/home/nima/Developer/nullness-benchmarks/eureka/eureka-core/src/main/java/com/netflix/eureka/registry/ResponseCacheImpl.java
RETURN_NULLABLE	returning @Nullable expression from method with @NonNull return type	com.netflix.eureka.registry.ResponseCacheImpl	getValue(com.netflix.eureka.registry.Key,boolean)	14553	/home/nima/Developer/nullness-benchmarks/eureka/eureka-core/src/main/java/com/netflix/eureka/registry/ResponseCacheImpl.java	METHOD	com.netflix.eureka.registry.ResponseCacheImpl	getValue(com.netflix.eureka.registry.Key,boolean)	null	null	/home/nima/Developer/nullness-benchmarks/eureka/eureka-core/src/main/java/com/netflix/eureka/registry/ResponseCacheImpl.java
METHOD_NO_INIT	initializer method does not guarantee @NonNull field gzipped (line 529) is initialized along all control-flow paths (remember to check for exceptions or early returns).	com.netflix.eureka.registry.ResponseCacheImpl$Value	Value(java.lang.String)	19697	/home/nima/Developer/nullness-benchmarks/eureka/eureka-core/src/main/java/com/netflix/eureka/registry/ResponseCacheImpl.java	null	null	null	null	null	null
ASSIGN_FIELD_NULLABLE	assigning @Nullable expression to @NonNull field	com.netflix.eureka.registry.ResponseCacheImpl$Value	Value(java.lang.String)	20274	/home/nima/Developer/nullness-benchmarks/eureka/eureka-core/src/main/java/com/netflix/eureka/registry/ResponseCacheImpl.java	FIELD	com.netflix.eureka.registry.ResponseCacheImpl$Value	null	gzipped	null	/home/nima/Developer/nullness-benchmarks/eureka/eureka-core/src/main/java/com/netflix/eureka/registry/ResponseCacheImpl.java
ASSIGN_FIELD_NULLABLE	assigning @Nullable expression to @NonNull field	com.netflix.eureka.registry.ResponseCacheImpl$Value	Value(java.lang.String)	20414	/home/nima/Developer/nullness-benchmarks/eureka/eureka-core/src/main/java/com/netflix/eureka/registry/ResponseCacheImpl.java	FIELD	com.netflix.eureka.registry.ResponseCacheImpl$Value	null	gzipped	null	/home/nima/Developer/nullness-benchmarks/eureka/eureka-core/src/main/java/com/netflix/eureka/registry/ResponseCacheImpl.java
METHOD_NO_INIT	initializer method does not guarantee @NonNull fields awsAsgUtil (line 42), instanceStatusOverrideRule (line 44) are initialized along all control-flow paths (remember to check for exceptions or early returns).	com.netflix.eureka.registry.AwsInstanceRegistry	AwsInstanceRegistry(com.netflix.eureka.EurekaServerConfig,com.netflix.discovery.EurekaClientConfig,com.netflix.eureka.resources.ServerCodecs,com.netflix.discovery.EurekaClient)	1647	/home/nima/Developer/nullness-benchmarks/eureka/eureka-core/src/main/java/com/netflix/eureka/registry/AwsInstanceRegistry.java	null	null	null	null	null	null
FIELD_NO_INIT	@NonNull static field holder not initialized	com.netflix.eureka.EurekaServerContextHolder	holder	1053	/home/nima/Developer/nullness-benchmarks/eureka/eureka-core/src/main/java/com/netflix/eureka/EurekaServerContextHolder.java	FIELD	com.netflix.eureka.EurekaServerContextHolder	null	holder	null	/home/nima/Developer/nullness-benchmarks/eureka/eureka-core/src/main/java/com/netflix/eureka/EurekaServerContextHolder.java
ASSIGN_FIELD_NULLABLE	assigning @Nullable expression to @NonNull field	com.netflix.eureka.cluster.InstanceReplicationTask	InstanceReplicationTask(java.lang.String,com.netflix.eureka.registry.PeerAwareInstanceRegistryImpl.Action,java.lang.String,java.lang.String)	912	/home/nima/Developer/nullness-benchmarks/eureka/eureka-core/src/main/java/com/netflix/eureka/cluster/InstanceReplicationTask.java	FIELD	com.netflix.eureka.cluster.InstanceReplicationTask	null	instanceInfo	null	/home/nima/Developer/nullness-benchmarks/eureka/eureka-core/src/main/java/com/netflix/eureka/cluster/InstanceReplicationTask.java
ASSIGN_FIELD_NULLABLE	assigning @Nullable expression to @NonNull field	com.netflix.eureka.cluster.InstanceReplicationTask	InstanceReplicationTask(java.lang.String,com.netflix.eureka.registry.PeerAwareInstanceRegistryImpl.Action,java.lang.String,java.lang.String)	942	/home/nima/Developer/nullness-benchmarks/eureka/eureka-core/src/main/java/com/netflix/eureka/cluster/InstanceReplicationTask.java	FIELD	com.netflix.eureka.cluster.InstanceReplicationTask	null	overriddenStatus	null	/home/nima/Developer/nullness-benchmarks/eureka/eureka-core/src/main/java/com/netflix/eureka/cluster/InstanceReplicationTask.java
PASS_NULLABLE	passing @Nullable parameter 'null' where @NonNull is required	com.netflix.eureka.cluster.ReplicationTaskProcessor	process(java.util.List)	4800	/home/nima/Developer/nullness-benchmarks/eureka/eureka-core/src/main/java/com/netflix/eureka/cluster/ReplicationTaskProcessor.java	PARAMETER	com.netflix.eureka.cluster.ReplicationTaskProcessor	logNetworkErrorSample(com.netflix.eureka.cluster.ReplicationTask,java.lang.Throwable)	task	0	/home/nima/Developer/nullness-benchmarks/eureka/eureka-core/src/main/java/com/netflix/eureka/cluster/ReplicationTaskProcessor.java
DEREFERENCE_NULLABLE	dereferenced expression e.getMessage() is @Nullable	com.netflix.eureka.cluster.ReplicationTaskProcessor	maybeReadTimeOut(java.lang.Throwable)	8263	/home/nima/Developer/nullness-benchmarks/eureka/eureka-core/src/main/java/com/netflix/eureka/cluster/ReplicationTaskProcessor.java	null	null	null	null	null	null	e.getMessage()---method---java.lang.Throwable---false---getMessage()---8263
PASS_NULLABLE	passing @Nullable parameter 'overriddenStatus' where @NonNull is required	com.netflix.eureka.cluster.ReplicationTaskProcessor	createReplicationInstanceOf(com.netflix.eureka.cluster.InstanceReplicationTask)	8981	/home/nima/Developer/nullness-benchmarks/eureka/eureka-core/src/main/java/com/netflix/eureka/cluster/ReplicationTaskProcessor.java	PARAMETER	com.netflix.eureka.cluster.protocol.ReplicationInstance$ReplicationInstanceBuilder	withOverriddenStatus(java.lang.String)	overriddenStatus	0	/home/nima/Developer/nullness-benchmarks/eureka/eureka-core/src/main/java/com/netflix/eureka/cluster/protocol/ReplicationInstance.java
PASS_NULLABLE	passing @Nullable parameter 'instanceStatus' where @NonNull is required	com.netflix.eureka.cluster.ReplicationTaskProcessor	createReplicationInstanceOf(com.netflix.eureka.cluster.InstanceReplicationTask)	9354	/home/nima/Developer/nullness-benchmarks/eureka/eureka-core/src/main/java/com/netflix/eureka/cluster/ReplicationTaskProcessor.java	PARAMETER	com.netflix.eureka.cluster.protocol.ReplicationInstance$ReplicationInstanceBuilder	withStatus(java.lang.String)	status	0	/home/nima/Developer/nullness-benchmarks/eureka/eureka-core/src/main/java/com/netflix/eureka/cluster/protocol/ReplicationInstance.java
METHOD_NO_INIT	initializer method does not guarantee @NonNull fields applicationStats (line 86), instanceInfo (line 87), isHeathly (line 88) are initialized along all control-flow paths (remember to check for exceptions or early returns).	com.netflix.eureka.util.StatusInfo	StatusInfo()	2935	/home/nima/Developer/nullness-benchmarks/eureka/eureka-core/src/main/java/com/netflix/eureka/util/StatusInfo.java	null	null	null	null	null	null
DEREFERENCE_NULLABLE	dereferenced expression nextHolder is @Nullable	com.netflix.eureka.util.batcher.AcceptorExecutor$AcceptorRunner	hasEnoughTasksForNextBatch()	12278	/home/nima/Developer/nullness-benchmarks/eureka/eureka-core/src/main/java/com/netflix/eureka/util/batcher/AcceptorExecutor.java	null	null	null	null	null	null	nextHolder---local_variable---com.netflix.eureka.util.batcher.AcceptorExecutor$AcceptorRunner---true---nextHolder---12278
RETURN_NULLABLE	returning @Nullable expression from method with @NonNull return type	com.netflix.eureka.aws.Route53Binder	getResourceRecordSetWithHostedZone(java.lang.String)	7965	/home/nima/Developer/nullness-benchmarks/eureka/eureka-core/src/main/java/com/netflix/eureka/aws/Route53Binder.java	METHOD	com.netflix.eureka.aws.Route53Binder	getResourceRecordSetWithHostedZone(java.lang.String)	null	null	/home/nima/Developer/nullness-benchmarks/eureka/eureka-core/src/main/java/com/netflix/eureka/aws/Route53Binder.java
RETURN_NULLABLE	returning @Nullable expression from method with @NonNull return type	com.netflix.eureka.aws.Route53Binder	getResourceRecordSet(java.lang.String,com.amazonaws.services.route53.model.HostedZone)	8559	/home/nima/Developer/nullness-benchmarks/eureka/eureka-core/src/main/java/com/netflix/eureka/aws/Route53Binder.java	METHOD	com.netflix.eureka.aws.Route53Binder	getResourceRecordSet(java.lang.String,com.amazonaws.services.route53.model.HostedZone)	null	null	/home/nima/Developer/nullness-benchmarks/eureka/eureka-core/src/main/java/com/netflix/eureka/aws/Route53Binder.java
RETURN_NULLABLE	returning @Nullable expression from method with @NonNull return type	com.netflix.eureka.aws.Route53Binder	getHostedZone(java.lang.String)	9073	/home/nima/Developer/nullness-benchmarks/eureka/eureka-core/src/main/java/com/netflix/eureka/aws/Route53Binder.java	METHOD	com.netflix.eureka.aws.Route53Binder	getHostedZone(java.lang.String)	null	null	/home/nima/Developer/nullness-benchmarks/eureka/eureka-core/src/main/java/com/netflix/eureka/aws/Route53Binder.java
METHOD_NO_INIT	initializer method does not guarantee @NonNull field jerseyClient (line 48) is initialized along all control-flow paths (remember to check for exceptions or early returns).	com.netflix.eureka.transport.JerseyRemoteRegionClientFactory	JerseyRemoteRegionClientFactory(com.netflix.eureka.EurekaServerConfig,com.netflix.eureka.resources.ServerCodecs,java.lang.String)	2034	/home/nima/Developer/nullness-benchmarks/eureka/eureka-core/src/main/java/com/netflix/eureka/transport/JerseyRemoteRegionClientFactory.java	null	null	null	null	null	null
PASS_NULLABLE	passing @Nullable parameter 'ip' where @NonNull is required	com.netflix.eureka.transport.JerseyRemoteRegionClientFactory	getOrCreateJerseyClient(java.lang.String,com.netflix.discovery.shared.resolver.EurekaEndpoint)	5095	/home/nima/Developer/nullness-benchmarks/eureka/eureka-core/src/main/java/com/netflix/eureka/transport/JerseyRemoteRegionClientFactory.java	PARAMETER	com.netflix.eureka.EurekaServerIdentity	EurekaServerIdentity(java.lang.String)	id	0	/home/nima/Developer/nullness-benchmarks/eureka/eureka-core/src/main/java/com/netflix/eureka/EurekaServerIdentity.java
PASS_NULLABLE	passing @Nullable parameter 'ip' where @NonNull is required	com.netflix.eureka.transport.JerseyReplicationClient	createReplicationClient(com.netflix.eureka.EurekaServerConfig,com.netflix.eureka.resources.ServerCodecs,java.lang.String)	7898	/home/nima/Developer/nullness-benchmarks/eureka/eureka-core/src/main/java/com/netflix/eureka/transport/JerseyReplicationClient.java	PARAMETER	com.netflix.eureka.EurekaServerIdentity	EurekaServerIdentity(java.lang.String)	id	0	/home/nima/Developer/nullness-benchmarks/eureka/eureka-core/src/main/java/com/netflix/eureka/EurekaServerIdentity.java
RETURN_NULLABLE	returning @Nullable expression from method with @NonNull return type	com.netflix.eureka.DefaultEurekaServerConfig	getAWSAccessId()	5575	/home/nima/Developer/nullness-benchmarks/eureka/eureka-core/src/main/java/com/netflix/eureka/DefaultEurekaServerConfig.java	METHOD	com.netflix.eureka.DefaultEurekaServerConfig	getAWSAccessId()	null	null	/home/nima/Developer/nullness-benchmarks/eureka/eureka-core/src/main/java/com/netflix/eureka/DefaultEurekaServerConfig.java
RETURN_NULLABLE	returning @Nullable expression from method with @NonNull return type	com.netflix.eureka.DefaultEurekaServerConfig	getAWSSecretKey()	5933	/home/nima/Developer/nullness-benchmarks/eureka/eureka-core/src/main/java/com/netflix/eureka/DefaultEurekaServerConfig.java	METHOD	com.netflix.eureka.DefaultEurekaServerConfig	getAWSSecretKey()	null	null	/home/nima/Developer/nullness-benchmarks/eureka/eureka-core/src/main/java/com/netflix/eureka/DefaultEurekaServerConfig.java
RETURN_NULLABLE	returning @Nullable expression from method with @NonNull return type	com.netflix.eureka.DefaultEurekaServerConfig	getRemoteRegionUrls()	18103	/home/nima/Developer/nullness-benchmarks/eureka/eureka-core/src/main/java/com/netflix/eureka/DefaultEurekaServerConfig.java	METHOD	com.netflix.eureka.DefaultEurekaServerConfig	getRemoteRegionUrls()	null	null	/home/nima/Developer/nullness-benchmarks/eureka/eureka-core/src/main/java/com/netflix/eureka/DefaultEurekaServerConfig.java
DEREFERENCE_NULLABLE	dereferenced expression regionsStr is @Nullable	com.netflix.eureka.resources.ApplicationsResource	getContainers(java.lang.String,java.lang.String,java.lang.String,java.lang.String,javax.ws.rs.core.UriInfo,java.lang.String)	5072	/home/nima/Developer/nullness-benchmarks/eureka/eureka-core/src/main/java/com/netflix/eureka/resources/ApplicationsResource.java	null	null	null	null	null	null	regionsStr---parameter---com.netflix.eureka.resources.ApplicationsResource---true---regionsStr---5072
DEREFERENCE_NULLABLE	dereferenced expression regionsStr is @Nullable	com.netflix.eureka.resources.ApplicationsResource	getContainerDifferential(java.lang.String,java.lang.String,java.lang.String,java.lang.String,javax.ws.rs.core.UriInfo,java.lang.String)	9014	/home/nima/Developer/nullness-benchmarks/eureka/eureka-core/src/main/java/com/netflix/eureka/resources/ApplicationsResource.java	null	null	null	null	null	null	regionsStr---parameter---com.netflix.eureka.resources.ApplicationsResource---true---regionsStr---9014
PASS_NULLABLE	passing @Nullable parameter 'null' where @NonNull is required	com.netflix.eureka.resources.PeerReplicationResource	batchReplication(com.netflix.eureka.cluster.protocol.ReplicationList)	3138	/home/nima/Developer/nullness-benchmarks/eureka/eureka-core/src/main/java/com/netflix/eureka/resources/PeerReplicationResource.java	PARAMETER	com.netflix.eureka.cluster.protocol.ReplicationInstanceResponse	ReplicationInstanceResponse(int,com.netflix.appinfo.InstanceInfo)	responseEntity	1	/home/nima/Developer/nullness-benchmarks/eureka/eureka-core/src/main/java/com/netflix/eureka/cluster/protocol/ReplicationInstanceResponse.java
RETURN_NULLABLE	returning @Nullable expression from method with @NonNull return type	com.netflix.eureka.resources.PeerReplicationResource	toString(T)	7654	/home/nima/Developer/nullness-benchmarks/eureka/eureka-core/src/main/java/com/netflix/eureka/resources/PeerReplicationResource.java	METHOD	com.netflix.eureka.resources.PeerReplicationResource	toString(T)	null	null	/home/nima/Developer/nullness-benchmarks/eureka/eureka-core/src/main/java/com/netflix/eureka/resources/PeerReplicationResource.java
METHOD_NO_INIT	initializer method does not guarantee @NonNull fields fullJsonCodec (line 99), compactJsonCodec (line 100), fullXmlCodec (line 102), compactXmlCodec (line 103) are initialized along all control-flow paths (remember to check for exceptions or early returns).	com.netflix.eureka.resources.DefaultServerCodecs$Builder	Builder()	3051	/home/nima/Developer/nullness-benchmarks/eureka/eureka-core/src/main/java/com/netflix/eureka/resources/DefaultServerCodecs.java	null	null	null	null	null	null
PASS_NULLABLE	passing @Nullable parameter 'null' where @NonNull is required	com.netflix.eureka.GzipEncodingEnforcingFilter$EnumWrapper	EnumWrapper(E)	3021	/home/nima/Developer/nullness-benchmarks/eureka/eureka-core/src/main/java/com/netflix/eureka/GzipEncodingEnforcingFilter.java	PARAMETER	com.netflix.eureka.GzipEncodingEnforcingFilter$EnumWrapper	EnumWrapper(java.util.Enumeration,E)	delegate	0	/home/nima/Developer/nullness-benchmarks/eureka/eureka-core/src/main/java/com/netflix/eureka/GzipEncodingEnforcingFilter.java
METHOD_NO_INIT	initializer method does not guarantee @NonNull field serverConfig (line 106) is initialized along all control-flow paths (remember to check for exceptions or early returns).	com.netflix.eureka.RateLimitingFilter	RateLimitingFilter()	4482	/home/nima/Developer/nullness-benchmarks/eureka/eureka-core/src/main/java/com/netflix/eureka/RateLimitingFilter.java	null	null	null	null	null	null
